run_id,cellularMode,hotspotBand,numStaNodes,payload,rngSeed,flow,pdr_pct,loss_pct,mean_delay_ms,p99_ms,throughput_mbps,tput_share_pct
lte_2g_sta5_10kb_seed7,lte,2g,5,10kb,7,Control,90.67,9.33,6.24,27.0,0.624,16.9
lte_2g_sta5_10kb_seed7,lte,2g,5,10kb,7,Sensor,99.51,0.49,3.04,15.0,1.365,37.0
lte_2g_sta5_10kb_seed7,lte,2g,5,10kb,7,Video,99.39,0.61,2.71,15.0,1.702,46.1
lte_2g_sta5_10kb_seed8,lte,2g,5,10kb,8,Control,90.49,9.51,7.02,21.0,0.623,16.5
lte_2g_sta5_10kb_seed8,lte,2g,5,10kb,8,Sensor,99.48,0.52,4.57,19.0,1.409,37.2
lte_2g_sta5_10kb_seed8,lte,2g,5,10kb,8,Video,99.57,0.43,3.43,15.0,1.755,46.3
lte_2g_sta5_10kb_seed9,lte,2g,5,10kb,9,Control,96.03,3.97,4.54,62.0,0.661,14.8
lte_2g_sta5_10kb_seed9,lte,2g,5,10kb,9,Sensor,99.32,0.68,3.79,55.0,1.694,37.9
lte_2g_sta5_10kb_seed9,lte,2g,5,10kb,9,Video,99.05,0.95,3.91,61.0,2.113,47.3
lte_2g_sta5_50kb_seed7,lte,2g,5,50kb,7,Control,82.10,17.90,13.29,135.0,0.565,8.0
lte_2g_sta5_50kb_seed7,lte,2g,5,50kb,7,Sensor,98.69,1.31,8.27,98.0,2.880,41.0
lte_2g_sta5_50kb_seed7,lte,2g,5,50kb,7,Video,99.13,0.87,5.61,81.0,3.587,51.0
lte_2g_sta5_50kb_seed8,lte,2g,5,50kb,8,Control,85.87,14.13,9.58,88.0,0.591,7.2
lte_2g_sta5_50kb_seed8,lte,2g,5,50kb,8,Sensor,98.86,1.14,8.29,90.0,3.402,41.3
lte_2g_sta5_50kb_seed8,lte,2g,5,50kb,8,Video,98.61,1.39,6.66,61.0,4.238,51.5
lte_2g_sta5_50kb_seed9,lte,2g,5,50kb,9,Control,90.84,9.16,17.49,126.0,0.626,7.5
lte_2g_sta5_50kb_seed9,lte,2g,5,50kb,9,Sensor,99.06,0.94,9.83,95.0,3.422,41.2
lte_2g_sta5_50kb_seed9,lte,2g,5,50kb,9,Video,99.01,0.99,6.44,40.0,4.268,51.3
lte_2g_sta5_1mb_seed7,lte,2g,5,1mb,7,Control,66.40,33.60,28.40,248.0,0.457,3.1
lte_2g_sta5_1mb_seed7,lte,2g,5,1mb,7,Sensor,98.34,1.66,22.93,192.0,6.526,44.4
lte_2g_sta5_1mb_seed7,lte,2g,5,1mb,7,Video,98.90,1.10,20.55,184.0,7.720,52.5
lte_2g_sta5_1mb_seed8,lte,2g,5,1mb,8,Control,60.94,39.06,30.00,220.0,0.420,4.2
lte_2g_sta5_1mb_seed8,lte,2g,5,1mb,8,Sensor,98.14,1.86,28.36,151.0,4.336,43.6
lte_2g_sta5_1mb_seed8,lte,2g,5,1mb,8,Video,98.84,1.16,32.64,138.0,5.198,52.2
lte_2g_sta5_1mb_seed9,lte,2g,5,1mb,9,Control,59.12,40.88,57.74,586.0,0.407,3.5
lte_2g_sta5_1mb_seed9,lte,2g,5,1mb,9,Sensor,98.27,1.73,25.33,363.0,5.415,47.0
lte_2g_sta5_1mb_seed9,lte,2g,5,1mb,9,Video,98.29,1.71,23.17,376.0,5.689,49.4
lte_2g_sta5_2mb_seed7,lte,2g,5,2mb,7,Control,64.30,35.70,38.60,310.0,0.443,1.9
lte_2g_sta5_2mb_seed7,lte,2g,5,2mb,7,Sensor,97.72,2.28,40.10,231.0,9.159,38.9
lte_2g_sta5_2mb_seed7,lte,2g,5,2mb,7,Video,98.63,1.37,31.24,218.0,13.921,59.2
lte_2g_sta5_2mb_seed8,lte,2g,5,2mb,8,Control,48.62,51.38,39.67,349.0,0.335,3.0
lte_2g_sta5_2mb_seed8,lte,2g,5,2mb,8,Sensor,95.27,4.73,65.12,388.0,3.958,36.0
lte_2g_sta5_2mb_seed8,lte,2g,5,2mb,8,Video,97.68,2.32,63.10,248.0,6.702,61.0
lte_2g_sta5_2mb_seed9,lte,2g,5,2mb,9,Control,48.43,51.57,87.27,553.0,0.334,3.3
lte_2g_sta5_2mb_seed9,lte,2g,5,2mb,9,Sensor,96.79,3.21,97.38,269.0,6.079,59.4
lte_2g_sta5_2mb_seed9,lte,2g,5,2mb,9,Video,94.11,5.89,89.58,348.0,3.821,37.3
lte_2g_sta10_10kb_seed7,lte,2g,10,10kb,7,Control,83.59,16.41,21.06,137.0,1.128,21.2
lte_2g_sta10_10kb_seed7,lte,2g,10,10kb,7,Sensor,97.97,2.03,10.75,93.0,1.869,35.1
lte_2g_sta10_10kb_seed7,lte,2g,10,10kb,7,Video,98.42,1.58,5.70,34.0,2.323,43.7
lte_2g_sta10_10kb_seed8,lte,2g,10,10kb,8,Control,85.46,14.54,7.84,46.0,1.153,17.7
lte_2g_sta10_10kb_seed8,lte,2g,10,10kb,8,Sensor,99.26,0.74,7.59,67.0,2.390,36.7
lte_2g_sta10_10kb_seed8,lte,2g,10,10kb,8,Video,98.90,1.10,4.94,53.0,2.974,45.6
lte_2g_sta10_10kb_seed9,lte,2g,10,10kb,9,Control,82.62,17.38,11.42,179.0,1.115,19.6
lte_2g_sta10_10kb_seed9,lte,2g,10,10kb,9,Sensor,98.45,1.55,10.92,161.0,2.050,36.0
lte_2g_sta10_10kb_seed9,lte,2g,10,10kb,9,Video,98.21,1.79,9.80,113.0,2.533,44.5
lte_2g_sta10_50kb_seed7,lte,2g,10,50kb,7,Control,82.00,18.00,10.53,49.0,1.106,9.3
lte_2g_sta10_50kb_seed7,lte,2g,10,50kb,7,Sensor,98.39,1.61,13.39,63.0,4.856,40.6
lte_2g_sta10_50kb_seed7,lte,2g,10,50kb,7,Video,98.42,1.58,11.21,55.0,5.993,50.1
lte_2g_sta10_50kb_seed8,lte,2g,10,50kb,8,Control,79.65,20.35,11.36,124.0,1.075,9.6
lte_2g_sta10_50kb_seed8,lte,2g,10,50kb,8,Sensor,98.78,1.22,10.64,135.0,4.441,39.5
lte_2g_sta10_50kb_seed8,lte,2g,10,50kb,8,Video,98.82,1.18,6.01,43.0,5.718,50.9
lte_2g_sta10_50kb_seed9,lte,2g,10,50kb,9,Control,79.99,20.01,18.60,235.0,1.079,8.9
lte_2g_sta10_50kb_seed9,lte,2g,10,50kb,9,Sensor,97.82,2.18,13.29,140.0,4.673,38.5
lte_2g_sta10_50kb_seed9,lte,2g,10,50kb,9,Video,98.32,1.68,11.56,71.0,6.376,52.6
lte_2g_sta10_1mb_seed7,lte,2g,10,1mb,7,Control,70.84,29.16,30.49,241.0,0.956,3.5
lte_2g_sta10_1mb_seed7,lte,2g,10,1mb,7,Sensor,96.77,3.23,92.62,410.0,11.468,42.2
lte_2g_sta10_1mb_seed7,lte,2g,10,1mb,7,Video,98.08,1.92,32.13,220.0,14.765,54.3
lte_2g_sta10_1mb_seed8,lte,2g,10,1mb,8,Control,58.62,41.38,21.21,231.0,0.791,5.8
lte_2g_sta10_1mb_seed8,lte,2g,10,1mb,8,Sensor,96.50,3.50,36.48,184.0,6.150,45.2
lte_2g_sta10_1mb_seed8,lte,2g,10,1mb,8,Video,97.82,2.18,37.25,179.0,6.662,49.0
lte_2g_sta10_1mb_seed9,lte,2g,10,1mb,9,Control,66.19,33.81,49.93,434.0,0.893,6.3
lte_2g_sta10_1mb_seed9,lte,2g,10,1mb,9,Sensor,96.14,3.86,50.21,260.0,6.983,49.1
lte_2g_sta10_1mb_seed9,lte,2g,10,1mb,9,Video,96.06,3.94,48.20,274.0,6.354,44.6
lte_2g_sta10_2mb_seed7,lte,2g,10,2mb,7,Control,48.90,51.10,42.33,532.0,0.660,3.1
lte_2g_sta10_2mb_seed7,lte,2g,10,2mb,7,Sensor,96.37,3.63,47.32,249.0,9.347,44.1
lte_2g_sta10_2mb_seed7,lte,2g,10,2mb,7,Video,97.08,2.92,37.81,181.0,11.192,52.8
lte_2g_sta10_2mb_seed8,lte,2g,10,2mb,8,Control,61.17,38.83,38.95,324.0,0.825,5.8
lte_2g_sta10_2mb_seed8,lte,2g,10,2mb,8,Sensor,95.33,4.67,52.37,273.0,5.504,38.5
lte_2g_sta10_2mb_seed8,lte,2g,10,2mb,8,Video,96.58,3.42,56.53,259.0,7.957,55.7
lte_2g_sta10_2mb_seed9,lte,2g,10,2mb,9,Control,63.13,36.87,58.41,478.0,0.852,4.7
lte_2g_sta10_2mb_seed9,lte,2g,10,2mb,9,Sensor,95.28,4.72,54.83,348.0,8.639,48.0
lte_2g_sta10_2mb_seed9,lte,2g,10,2mb,9,Video,95.61,4.39,48.66,328.0,8.503,47.3
lte_2g_sta15_10kb_seed7,lte,2g,15,10kb,7,Control,75.20,24.80,18.90,324.0,1.490,21.5
lte_2g_sta15_10kb_seed7,lte,2g,15,10kb,7,Sensor,96.96,3.04,11.59,111.0,2.400,34.7
lte_2g_sta15_10kb_seed7,lte,2g,15,10kb,7,Video,97.29,2.71,8.61,48.0,3.034,43.8
lte_2g_sta15_10kb_seed8,lte,2g,15,10kb,8,Control,75.97,24.03,21.41,336.0,1.506,16.8
lte_2g_sta15_10kb_seed8,lte,2g,15,10kb,8,Sensor,97.78,2.22,17.20,239.0,3.317,37.1
lte_2g_sta15_10kb_seed8,lte,2g,15,10kb,8,Video,97.78,2.22,13.76,155.0,4.123,46.1
lte_2g_sta15_10kb_seed9,lte,2g,15,10kb,9,Control,75.14,24.86,21.94,339.0,1.489,19.2
lte_2g_sta15_10kb_seed9,lte,2g,15,10kb,9,Sensor,98.17,1.83,15.44,164.0,2.833,36.5
lte_2g_sta15_10kb_seed9,lte,2g,15,10kb,9,Video,98.13,1.87,12.23,124.0,3.431,44.3
lte_2g_sta15_50kb_seed7,lte,2g,15,50kb,7,Control,75.33,24.67,16.94,158.0,1.493,9.8
lte_2g_sta15_50kb_seed7,lte,2g,15,50kb,7,Sensor,96.94,3.06,19.27,156.0,6.141,40.3
lte_2g_sta15_50kb_seed7,lte,2g,15,50kb,7,Video,97.36,2.64,13.82,87.0,7.616,49.9
lte_2g_sta15_50kb_seed8,lte,2g,15,50kb,8,Control,73.41,26.59,28.19,537.0,1.455,9.2
lte_2g_sta15_50kb_seed8,lte,2g,15,50kb,8,Sensor,97.84,2.16,23.82,152.0,6.468,41.0
lte_2g_sta15_50kb_seed8,lte,2g,15,50kb,8,Video,97.88,2.12,17.45,75.0,7.861,49.8
lte_2g_sta15_50kb_seed9,lte,2g,15,50kb,9,Control,68.71,31.29,44.89,683.0,1.362,7.9
lte_2g_sta15_50kb_seed9,lte,2g,15,50kb,9,Sensor,97.38,2.62,24.98,192.0,7.532,43.6
lte_2g_sta15_50kb_seed9,lte,2g,15,50kb,9,Video,97.43,2.57,18.10,147.0,8.384,48.5
lte_2g_sta15_1mb_seed7,lte,2g,15,1mb,7,Control,67.29,32.71,31.42,357.0,1.334,5.8
lte_2g_sta15_1mb_seed7,lte,2g,15,1mb,7,Sensor,97.46,2.54,59.32,378.0,8.795,38.2
lte_2g_sta15_1mb_seed7,lte,2g,15,1mb,7,Video,97.69,2.31,32.78,264.0,12.910,56.0
lte_2g_sta15_1mb_seed8,lte,2g,15,1mb,8,Control,64.69,35.31,53.53,654.0,1.282,4.4
lte_2g_sta15_1mb_seed8,lte,2g,15,1mb,8,Sensor,95.70,4.30,67.16,467.0,11.544,39.2
lte_2g_sta15_1mb_seed8,lte,2g,15,1mb,8,Video,97.50,2.50,39.12,299.0,16.621,56.4
lte_2g_sta15_1mb_seed9,lte,2g,15,1mb,9,Control,66.51,33.49,113.24,2883.0,1.318,5.8
lte_2g_sta15_1mb_seed9,lte,2g,15,1mb,9,Sensor,95.77,4.23,64.99,411.0,8.985,39.7
lte_2g_sta15_1mb_seed9,lte,2g,15,1mb,9,Video,97.81,2.19,38.01,297.0,12.330,54.5
lte_2g_sta15_2mb_seed7,lte,2g,15,2mb,7,Control,60.41,39.59,31.33,260.0,1.197,4.6
lte_2g_sta15_2mb_seed7,lte,2g,15,2mb,7,Sensor,95.79,4.21,45.56,254.0,10.181,39.5
lte_2g_sta15_2mb_seed7,lte,2g,15,2mb,7,Video,97.21,2.79,26.82,153.0,14.379,55.8
lte_2g_sta15_2mb_seed8,lte,2g,15,2mb,8,Control,52.36,47.64,72.36,557.0,1.038,3.5
lte_2g_sta15_2mb_seed8,lte,2g,15,2mb,8,Sensor,93.72,6.28,64.21,351.0,6.271,21.4
lte_2g_sta15_2mb_seed8,lte,2g,15,2mb,8,Video,96.81,3.19,66.13,359.0,22.026,75.1
lte_2g_sta15_2mb_seed9,lte,2g,15,2mb,9,Control,54.39,45.61,45.84,390.0,1.078,3.3
lte_2g_sta15_2mb_seed9,lte,2g,15,2mb,9,Sensor,96.43,3.57,55.88,296.0,13.728,41.4
lte_2g_sta15_2mb_seed9,lte,2g,15,2mb,9,Video,97.60,2.40,41.52,246.0,18.362,55.4
lte_2g_sta20_10kb_seed7,lte,2g,20,10kb,7,Control,71.75,28.25,29.71,441.0,1.856,18.8
lte_2g_sta20_10kb_seed7,lte,2g,20,10kb,7,Sensor,98.07,1.93,16.12,163.0,3.622,36.6
lte_2g_sta20_10kb_seed7,lte,2g,20,10kb,7,Video,97.72,2.28,12.04,94.0,4.407,44.6
lte_2g_sta20_10kb_seed8,lte,2g,20,10kb,8,Control,75.33,24.67,31.73,281.0,1.948,20.0
lte_2g_sta20_10kb_seed8,lte,2g,20,10kb,8,Sensor,98.22,1.78,17.22,143.0,3.602,37.0
lte_2g_sta20_10kb_seed8,lte,2g,20,10kb,8,Video,97.61,2.39,12.86,87.0,4.196,43.1
lte_2g_sta20_10kb_seed9,lte,2g,20,10kb,9,Control,80.05,19.95,31.24,446.0,2.071,16.7
lte_2g_sta20_10kb_seed9,lte,2g,20,10kb,9,Sensor,97.06,2.94,24.11,242.0,4.574,37.0
lte_2g_sta20_10kb_seed9,lte,2g,20,10kb,9,Video,96.97,3.03,15.70,119.0,5.724,46.3
lte_2g_sta20_50kb_seed7,lte,2g,20,50kb,7,Control,70.78,29.22,54.77,627.0,1.831,8.7
lte_2g_sta20_50kb_seed7,lte,2g,20,50kb,7,Sensor,97.22,2.78,34.84,296.0,8.068,38.2
lte_2g_sta20_50kb_seed7,lte,2g,20,50kb,7,Video,97.66,2.34,20.60,196.0,11.244,53.2
lte_2g_sta20_50kb_seed8,lte,2g,20,50kb,8,Control,72.10,27.90,34.27,362.0,1.865,12.3
lte_2g_sta20_50kb_seed8,lte,2g,20,50kb,8,Sensor,96.77,3.23,25.50,208.0,6.231,41.1
lte_2g_sta20_50kb_seed8,lte,2g,20,50kb,8,Video,97.45,2.55,18.25,162.0,7.056,46.6
lte_2g_sta20_50kb_seed9,lte,2g,20,50kb,9,Control,76.05,23.95,47.99,558.0,1.967,11.7
lte_2g_sta20_50kb_seed9,lte,2g,20,50kb,9,Sensor,95.77,4.23,40.42,361.0,7.392,43.9
lte_2g_sta20_50kb_seed9,lte,2g,20,50kb,9,Video,95.95,4.05,35.68,315.0,7.490,44.5
lte_2g_sta20_1mb_seed7,lte,2g,20,1mb,7,Control,57.09,42.91,38.43,337.0,1.477,6.4
lte_2g_sta20_1mb_seed7,lte,2g,20,1mb,7,Sensor,95.56,4.44,51.35,386.0,9.797,42.2
lte_2g_sta20_1mb_seed7,lte,2g,20,1mb,7,Video,96.77,3.23,31.63,181.0,11.916,51.4
lte_2g_sta20_1mb_seed8,lte,2g,20,1mb,8,Control,62.32,37.68,63.95,675.0,1.612,6.0
lte_2g_sta20_1mb_seed8,lte,2g,20,1mb,8,Sensor,95.25,4.75,49.05,273.0,8.271,30.6
lte_2g_sta20_1mb_seed8,lte,2g,20,1mb,8,Video,97.20,2.80,32.60,173.0,17.112,63.4
lte_2g_sta20_1mb_seed9,lte,2g,20,1mb,9,Control,67.28,32.72,48.51,519.0,1.740,8.7
lte_2g_sta20_1mb_seed9,lte,2g,20,1mb,9,Sensor,94.70,5.30,37.67,268.0,8.407,42.0
lte_2g_sta20_1mb_seed9,lte,2g,20,1mb,9,Video,95.71,4.29,33.48,260.0,9.855,49.3
lte_2g_sta20_2mb_seed7,lte,2g,20,2mb,7,Control,47.48,52.52,62.30,686.0,1.228,3.7
lte_2g_sta20_2mb_seed7,lte,2g,20,2mb,7,Sensor,95.44,4.56,51.78,397.0,11.403,34.7
lte_2g_sta20_2mb_seed7,lte,2g,20,2mb,7,Video,97.08,2.92,27.02,242.0,20.214,61.5
lte_2g_sta20_2mb_seed8,lte,2g,20,2mb,8,Control,47.13,52.87,66.45,577.0,1.219,5.1
lte_2g_sta20_2mb_seed8,lte,2g,20,2mb,8,Sensor,95.01,4.99,60.63,340.0,9.253,38.4
lte_2g_sta20_2mb_seed8,lte,2g,20,2mb,8,Video,97.07,2.93,42.11,283.0,13.643,56.6
lte_2g_sta20_2mb_seed9,lte,2g,20,2mb,9,Control,63.31,36.69,68.24,479.0,1.637,8.2
lte_2g_sta20_2mb_seed9,lte,2g,20,2mb,9,Sensor,94.06,5.94,64.71,395.0,11.195,56.2
lte_2g_sta20_2mb_seed9,lte,2g,20,2mb,9,Video,92.40,7.60,77.53,394.0,7.099,35.6
lte_5g_sta5_10kb_seed7,lte,5g,5,10kb,7,Control,95.38,4.62,11.39,241.0,0.657,15.8
lte_5g_sta5_10kb_seed7,lte,5g,5,10kb,7,Sensor,99.08,0.92,5.46,99.0,1.562,37.5
lte_5g_sta5_10kb_seed7,lte,5g,5,10kb,7,Video,99.18,0.82,4.23,67.0,1.949,46.8
lte_5g_sta5_10kb_seed8,lte,5g,5,10kb,8,Control,70.96,29.04,11.75,123.0,0.489,21.3
lte_5g_sta5_10kb_seed8,lte,5g,5,10kb,8,Sensor,96.79,3.21,10.84,125.0,0.814,35.4
lte_5g_sta5_10kb_seed8,lte,5g,5,10kb,8,Video,97.35,2.65,7.16,74.0,0.995,43.3
lte_5g_sta5_10kb_seed9,lte,5g,5,10kb,9,Control,95.58,4.42,4.95,72.0,0.658,16.5
lte_5g_sta5_10kb_seed9,lte,5g,5,10kb,9,Sensor,99.20,0.80,3.30,58.0,1.484,37.2
lte_5g_sta5_10kb_seed9,lte,5g,5,10kb,9,Video,99.33,0.67,4.12,76.0,1.851,46.4
lte_5g_sta5_50kb_seed7,lte,5g,5,50kb,7,Control,93.32,6.68,6.66,62.0,0.643,6.9
lte_5g_sta5_50kb_seed7,lte,5g,5,50kb,7,Sensor,99.50,0.50,5.80,45.0,3.884,41.7
lte_5g_sta5_50kb_seed7,lte,5g,5,50kb,7,Video,99.51,0.49,4.37,27.0,4.797,51.5
lte_5g_sta5_50kb_seed8,lte,5g,5,50kb,8,Control,74.01,25.99,22.47,377.0,0.510,8.8
lte_5g_sta5_50kb_seed8,lte,5g,5,50kb,8,Sensor,97.22,2.78,14.98,133.0,2.358,40.5
lte_5g_sta5_50kb_seed8,lte,5g,5,50kb,8,Video,97.94,2.06,14.57,145.0,2.955,50.7
lte_5g_sta5_50kb_seed9,lte,5g,5,50kb,9,Control,97.39,2.61,12.52,162.0,0.671,6.7
lte_5g_sta5_50kb_seed9,lte,5g,5,50kb,9,Sensor,98.73,1.27,9.16,73.0,4.152,41.7
lte_5g_sta5_50kb_seed9,lte,5g,5,50kb,9,Video,98.93,1.07,8.52,60.0,5.141,51.6
lte_5g_sta5_1mb_seed7,lte,5g,5,1mb,7,Control,50.88,49.12,30.66,241.0,0.350,2.8
lte_5g_sta5_1mb_seed7,lte,5g,5,1mb,7,Sensor,98.86,1.14,22.92,125.0,4.534,36.4
lte_5g_sta5_1mb_seed7,lte,5g,5,1mb,7,Video,98.91,1.09,27.51,124.0,7.561,60.8
lte_5g_sta5_1mb_seed8,lte,5g,5,1mb,8,Control,79.12,20.88,41.85,338.0,0.545,3.6
lte_5g_sta5_1mb_seed8,lte,5g,5,1mb,8,Sensor,97.37,2.63,52.26,292.0,6.075,40.5
lte_5g_sta5_1mb_seed8,lte,5g,5,1mb,8,Video,98.00,2.00,44.24,274.0,8.371,55.8
lte_5g_sta5_1mb_seed9,lte,5g,5,1mb,9,Control,74.93,25.07,51.60,597.0,0.516,3.1
lte_5g_sta5_1mb_seed9,lte,5g,5,1mb,9,Sensor,97.60,2.40,40.23,240.0,7.329,43.9
lte_5g_sta5_1mb_seed9,lte,5g,5,1mb,9,Video,97.95,2.05,43.50,272.0,8.855,53.0
lte_5g_sta5_2mb_seed7,lte,5g,5,2mb,7,Control,79.96,20.04,40.54,453.0,0.551,2.0
lte_5g_sta5_2mb_seed7,lte,5g,5,2mb,7,Sensor,98.90,1.10,17.52,196.0,13.194,47.2
lte_5g_sta5_2mb_seed7,lte,5g,5,2mb,7,Video,99.19,0.81,16.93,214.0,14.195,50.8
lte_5g_sta5_2mb_seed8,lte,5g,5,2mb,8,Control,55.56,44.44,57.17,549.0,0.383,4.1
lte_5g_sta5_2mb_seed8,lte,5g,5,2mb,8,Sensor,96.27,3.73,44.40,289.0,5.177,55.7
lte_5g_sta5_2mb_seed8,lte,5g,5,2mb,8,Video,96.10,3.90,33.03,255.0,3.729,40.1
lte_5g_sta5_2mb_seed9,lte,5g,5,2mb,9,Control,81.49,18.51,58.68,425.0,0.561,2.7
lte_5g_sta5_2mb_seed9,lte,5g,5,2mb,9,Sensor,97.15,2.85,61.06,458.0,11.168,53.6
lte_5g_sta5_2mb_seed9,lte,5g,5,2mb,9,Video,97.35,2.65,37.77,254.0,9.114,43.7
lte_5g_sta10_10kb_seed7,lte,5g,10,10kb,7,Control,93.20,6.80,6.19,36.0,1.258,16.6
lte_5g_sta10_10kb_seed7,lte,5g,10,10kb,7,Sensor,99.02,0.98,5.75,25.0,2.817,37.2
lte_5g_sta10_10kb_seed7,lte,5g,10,10kb,7,Video,99.28,0.72,5.10,22.0,3.508,46.3
lte_5g_sta10_10kb_seed8,lte,5g,10,10kb,8,Control,87.87,12.13,11.47,330.0,1.186,17.0
lte_5g_sta10_10kb_seed8,lte,5g,10,10kb,8,Sensor,98.37,1.63,8.93,89.0,2.580,37.0
lte_5g_sta10_10kb_seed8,lte,5g,10,10kb,8,Video,98.52,1.48,7.47,46.0,3.202,46.0
lte_5g_sta10_10kb_seed9,lte,5g,10,10kb,9,Control,87.46,12.54,7.74,61.0,1.180,18.7
lte_5g_sta10_10kb_seed9,lte,5g,10,10kb,9,Sensor,98.65,1.35,6.21,65.0,2.281,36.2
lte_5g_sta10_10kb_seed9,lte,5g,10,10kb,9,Video,98.79,1.21,5.59,64.0,2.837,45.0
lte_5g_sta10_50kb_seed7,lte,5g,10,50kb,7,Control,92.32,7.68,12.73,162.0,1.246,8.1
lte_5g_sta10_50kb_seed7,lte,5g,10,50kb,7,Sensor,98.62,1.38,13.06,152.0,6.256,40.6
lte_5g_sta10_50kb_seed7,lte,5g,10,50kb,7,Video,98.94,1.06,10.10,125.0,7.900,51.3
lte_5g_sta10_50kb_seed8,lte,5g,10,50kb,8,Control,87.89,12.11,11.52,133.0,1.186,7.5
lte_5g_sta10_50kb_seed8,lte,5g,10,50kb,8,Sensor,98.74,1.26,12.35,128.0,6.583,41.7
lte_5g_sta10_50kb_seed8,lte,5g,10,50kb,8,Video,98.89,1.11,7.37,78.0,8.034,50.8
lte_5g_sta10_50kb_seed9,lte,5g,10,50kb,9,Control,83.60,16.40,24.71,317.0,1.128,8.9
lte_5g_sta10_50kb_seed9,lte,5g,10,50kb,9,Sensor,97.61,2.39,24.80,195.0,5.144,40.6
lte_5g_sta10_50kb_seed9,lte,5g,10,50kb,9,Video,98.31,1.69,19.88,153.0,6.390,50.5
lte_5g_sta10_1mb_seed7,lte,5g,10,1mb,7,Control,79.80,20.20,19.11,308.0,1.077,3.3
lte_5g_sta10_1mb_seed7,lte,5g,10,1mb,7,Sensor,98.59,1.41,14.91,141.0,14.866,46.0
lte_5g_sta10_1mb_seed7,lte,5g,10,1mb,7,Video,98.68,1.32,8.84,85.0,16.393,50.7
lte_5g_sta10_1mb_seed8,lte,5g,10,1mb,8,Control,71.44,28.56,29.32,357.0,0.964,2.9
lte_5g_sta10_1mb_seed8,lte,5g,10,1mb,8,Sensor,97.87,2.13,26.57,229.0,14.433,43.0
lte_5g_sta10_1mb_seed8,lte,5g,10,1mb,8,Video,98.50,1.50,16.44,150.0,18.148,54.1
lte_5g_sta10_1mb_seed9,lte,5g,10,1mb,9,Control,64.23,35.77,30.80,358.0,0.867,5.6
lte_5g_sta10_1mb_seed9,lte,5g,10,1mb,9,Sensor,97.39,2.61,9.89,92.0,5.317,34.3
lte_5g_sta10_1mb_seed9,lte,5g,10,1mb,9,Video,97.96,2.04,22.19,187.0,9.310,60.1
lte_5g_sta10_2mb_seed7,lte,5g,10,2mb,7,Control,52.43,47.57,31.22,341.0,0.708,2.8
lte_5g_sta10_2mb_seed7,lte,5g,10,2mb,7,Sensor,98.00,2.00,18.62,241.0,10.588,41.9
lte_5g_sta10_2mb_seed7,lte,5g,10,2mb,7,Video,98.09,1.91,24.89,260.0,13.972,55.3
lte_5g_sta10_2mb_seed8,lte,5g,10,2mb,8,Control,50.85,49.15,18.62,202.0,0.686,1.4
lte_5g_sta10_2mb_seed8,lte,5g,10,2mb,8,Sensor,98.59,1.41,14.90,108.0,19.792,41.1
lte_5g_sta10_2mb_seed8,lte,5g,10,2mb,8,Video,98.84,1.16,10.87,88.0,27.652,57.5
lte_5g_sta10_2mb_seed9,lte,5g,10,2mb,9,Control,65.50,34.50,28.54,308.0,0.884,3.9
lte_5g_sta10_2mb_seed9,lte,5g,10,2mb,9,Sensor,97.49,2.51,18.98,208.0,10.532,46.8
lte_5g_sta10_2mb_seed9,lte,5g,10,2mb,9,Video,97.93,2.07,26.47,227.0,11.066,49.2
lte_5g_sta15_10kb_seed7,lte,5g,15,10kb,7,Control,85.84,14.16,9.86,42.0,1.701,16.2
lte_5g_sta15_10kb_seed7,lte,5g,15,10kb,7,Sensor,97.76,2.24,9.68,67.0,3.906,37.2
lte_5g_sta15_10kb_seed7,lte,5g,15,10kb,7,Video,97.86,2.14,8.17,47.0,4.891,46.6
lte_5g_sta15_10kb_seed8,lte,5g,15,10kb,8,Control,87.53,12.47,12.04,175.0,1.735,15.8
lte_5g_sta15_10kb_seed8,lte,5g,15,10kb,8,Sensor,98.96,1.04,11.74,175.0,4.093,37.2
lte_5g_sta15_10kb_seed8,lte,5g,15,10kb,8,Video,98.72,1.28,8.46,90.0,5.166,47.0
lte_5g_sta15_10kb_seed9,lte,5g,15,10kb,9,Control,73.87,26.13,30.77,424.0,1.464,20.1
lte_5g_sta15_10kb_seed9,lte,5g,15,10kb,9,Sensor,98.30,1.70,11.51,115.0,2.592,35.6
lte_5g_sta15_10kb_seed9,lte,5g,15,10kb,9,Video,98.52,1.48,9.47,79.0,3.227,44.3
lte_5g_sta15_50kb_seed7,lte,5g,15,50kb,7,Control,83.25,16.75,33.09,231.0,1.650,8.2
lte_5g_sta15_50kb_seed7,lte,5g,15,50kb,7,Sensor,97.59,2.41,38.26,189.0,8.224,41.0
lte_5g_sta15_50kb_seed7,lte,5g,15,50kb,7,Video,97.86,2.14,32.30,160.0,10.180,50.8
lte_5g_sta15_50kb_seed8,lte,5g,15,50kb,8,Control,77.22,22.78,37.87,478.0,1.530,8.4
lte_5g_sta15_50kb_seed8,lte,5g,15,50kb,8,Sensor,96.48,3.52,34.21,324.0,7.797,42.6
lte_5g_sta15_50kb_seed8,lte,5g,15,50kb,8,Video,97.55,2.45,23.31,250.0,8.983,49.1
lte_5g_sta15_50kb_seed9,lte,5g,15,50kb,9,Control,71.36,28.64,45.14,609.0,1.414,9.8
lte_5g_sta15_50kb_seed9,lte,5g,15,50kb,9,Sensor,97.46,2.54,24.36,195.0,5.830,40.2
lte_5g_sta15_50kb_seed9,lte,5g,15,50kb,9,Video,98.06,1.94,19.83,142.0,7.261,50.1
lte_5g_sta15_1mb_seed7,lte,5g,15,1mb,7,Control,82.68,17.32,38.30,415.0,1.639,4.4
lte_5g_sta15_1mb_seed7,lte,5g,15,1mb,7,Sensor,97.12,2.88,32.89,280.0,16.343,44.0
lte_5g_sta15_1mb_seed7,lte,5g,15,1mb,7,Video,97.54,2.46,27.06,246.0,19.177,51.6
lte_5g_sta15_1mb_seed8,lte,5g,15,1mb,8,Control,61.60,38.40,40.41,406.0,1.221,4.2
lte_5g_sta15_1mb_seed8,lte,5g,15,1mb,8,Sensor,97.03,2.97,34.08,232.0,11.854,41.1
lte_5g_sta15_1mb_seed8,lte,5g,15,1mb,8,Video,97.77,2.23,31.70,221.0,15.790,54.7
lte_5g_sta15_1mb_seed9,lte,5g,15,1mb,9,Control,61.56,38.44,35.30,433.0,1.220,4.8
lte_5g_sta15_1mb_seed9,lte,5g,15,1mb,9,Sensor,96.87,3.13,44.12,280.0,11.908,47.1
lte_5g_sta15_1mb_seed9,lte,5g,15,1mb,9,Video,97.66,2.34,29.97,243.0,12.180,48.1
lte_5g_sta15_2mb_seed7,lte,5g,15,2mb,7,Control,51.14,48.86,30.21,292.0,1.014,2.4
lte_5g_sta15_2mb_seed7,lte,5g,15,2mb,7,Sensor,98.24,1.76,22.29,232.0,19.416,46.2
lte_5g_sta15_2mb_seed7,lte,5g,15,2mb,7,Video,98.24,1.76,19.07,219.0,21.598,51.4
lte_5g_sta15_2mb_seed8,lte,5g,15,2mb,8,Control,46.21,53.79,49.12,497.0,0.916,3.4
lte_5g_sta15_2mb_seed8,lte,5g,15,2mb,8,Sensor,96.83,3.17,16.54,237.0,11.224,42.2
lte_5g_sta15_2mb_seed8,lte,5g,15,2mb,8,Video,97.96,2.04,9.97,199.0,14.468,54.4
lte_5g_sta15_2mb_seed9,lte,5g,15,2mb,9,Control,50.14,49.86,56.58,424.0,0.994,6.4
lte_5g_sta15_2mb_seed9,lte,5g,15,2mb,9,Sensor,92.75,7.25,60.03,384.0,6.623,42.6
lte_5g_sta15_2mb_seed9,lte,5g,15,2mb,9,Video,93.98,6.02,52.90,360.0,7.912,51.0
lte_5g_sta20_10kb_seed7,lte,5g,20,10kb,7,Control,72.68,27.32,39.81,490.0,1.880,17.9
lte_5g_sta20_10kb_seed7,lte,5g,20,10kb,7,Sensor,97.02,2.98,15.69,129.0,3.852,36.6
lte_5g_sta20_10kb_seed7,lte,5g,20,10kb,7,Video,97.47,2.53,12.75,72.0,4.780,45.5
lte_5g_sta20_10kb_seed8,lte,5g,20,10kb,8,Control,79.45,20.55,18.64,116.0,2.055,18.2
lte_5g_sta20_10kb_seed8,lte,5g,20,10kb,8,Sensor,98.37,1.63,13.37,129.0,4.120,36.5
lte_5g_sta20_10kb_seed8,lte,5g,20,10kb,8,Video,98.59,1.41,10.21,77.0,5.120,45.3
lte_5g_sta20_10kb_seed9,lte,5g,20,10kb,9,Control,68.82,31.18,22.30,453.0,1.780,18.8
lte_5g_sta20_10kb_seed9,lte,5g,20,10kb,9,Sensor,97.70,2.30,12.85,100.0,3.401,35.9
lte_5g_sta20_10kb_seed9,lte,5g,20,10kb,9,Video,98.11,1.89,9.70,59.0,4.287,45.3
lte_5g_sta20_50kb_seed7,lte,5g,20,50kb,7,Control,73.09,26.91,39.30,514.0,1.890,8.7
lte_5g_sta20_50kb_seed7,lte,5g,20,50kb,7,Sensor,97.83,2.17,21.42,165.0,8.724,40.0
lte_5g_sta20_50kb_seed7,lte,5g,20,50kb,7,Video,97.76,2.24,16.03,124.0,11.223,51.4
lte_5g_sta20_50kb_seed8,lte,5g,20,50kb,8,Control,72.43,27.57,64.60,615.0,1.873,10.4
lte_5g_sta20_50kb_seed8,lte,5g,20,50kb,8,Sensor,96.55,3.45,48.33,341.0,7.112,39.6
lte_5g_sta20_50kb_seed8,lte,5g,20,50kb,8,Video,96.95,3.05,37.84,293.0,8.966,49.9
lte_5g_sta20_50kb_seed9,lte,5g,20,50kb,9,Control,65.21,34.79,45.81,526.0,1.687,9.2
lte_5g_sta20_50kb_seed9,lte,5g,20,50kb,9,Sensor,97.26,2.74,30.43,248.0,7.438,40.7
lte_5g_sta20_50kb_seed9,lte,5g,20,50kb,9,Video,97.74,2.26,25.96,193.0,9.129,50.0
lte_5g_sta20_1mb_seed7,lte,5g,20,1mb,7,Control,57.89,42.11,50.58,767.0,1.497,4.4
lte_5g_sta20_1mb_seed7,lte,5g,20,1mb,7,Sensor,97.86,2.14,17.17,156.0,14.138,41.9
lte_5g_sta20_1mb_seed7,lte,5g,20,1mb,7,Video,98.19,1.81,12.67,97.0,18.122,53.7
lte_5g_sta20_1mb_seed8,lte,5g,20,1mb,8,Control,63.04,36.96,52.50,693.0,1.630,5.7
lte_5g_sta20_1mb_seed8,lte,5g,20,1mb,8,Sensor,96.61,3.39,18.70,138.0,12.725,44.6
lte_5g_sta20_1mb_seed8,lte,5g,20,1mb,8,Video,97.26,2.74,18.13,121.0,14.195,49.7
lte_5g_sta20_1mb_seed9,lte,5g,20,1mb,9,Control,64.62,35.38,41.71,502.0,1.671,5.0
lte_5g_sta20_1mb_seed9,lte,5g,20,1mb,9,Sensor,97.22,2.78,40.68,337.0,14.844,44.2
lte_5g_sta20_1mb_seed9,lte,5g,20,1mb,9,Video,98.07,1.93,27.74,308.0,17.062,50.8
lte_5g_sta20_2mb_seed7,lte,5g,20,2mb,7,Control,52.67,47.33,50.52,554.0,1.362,2.5
lte_5g_sta20_2mb_seed7,lte,5g,20,2mb,7,Sensor,97.72,2.28,33.64,251.0,21.644,39.1
lte_5g_sta20_2mb_seed7,lte,5g,20,2mb,7,Video,98.39,1.61,21.99,222.0,32.305,58.4
lte_5g_sta20_2mb_seed8,lte,5g,20,2mb,8,Control,43.42,56.58,33.22,302.0,1.123,3.8
lte_5g_sta20_2mb_seed8,lte,5g,20,2mb,8,Sensor,97.21,2.79,45.03,274.0,14.486,49.3
lte_5g_sta20_2mb_seed8,lte,5g,20,2mb,8,Video,97.40,2.60,33.69,255.0,13.780,46.9
lte_5g_sta20_2mb_seed9,lte,5g,20,2mb,9,Control,57.13,42.87,42.36,430.0,1.478,3.1
lte_5g_sta20_2mb_seed9,lte,5g,20,2mb,9,Sensor,97.17,2.83,26.88,275.0,18.841,39.5
lte_5g_sta20_2mb_seed9,lte,5g,20,2mb,9,Video,98.31,1.69,27.90,221.0,27.381,57.4
nr_2g_sta5_10kb_seed7,nr,2g,5,10kb,7,Control,88.39,11.61,4.96,43.0,0.609,16.5
nr_2g_sta5_10kb_seed7,nr,2g,5,10kb,7,Sensor,99.09,0.91,3.56,32.0,1.372,37.2
nr_2g_sta5_10kb_seed7,nr,2g,5,10kb,7,Video,99.37,0.63,3.33,20.0,1.710,46.3
nr_2g_sta5_10kb_seed8,nr,2g,5,10kb,8,Control,86.86,13.14,6.88,40.0,0.598,17.2
nr_2g_sta5_10kb_seed8,nr,2g,5,10kb,8,Sensor,99.41,0.59,4.29,16.0,1.280,36.9
nr_2g_sta5_10kb_seed8,nr,2g,5,10kb,8,Video,99.52,0.48,3.24,16.0,1.594,45.9
nr_2g_sta5_10kb_seed9,nr,2g,5,10kb,9,Control,93.79,6.21,3.07,25.0,0.646,14.5
nr_2g_sta5_10kb_seed9,nr,2g,5,10kb,9,Sensor,99.38,0.62,2.91,16.0,1.694,38.0
nr_2g_sta5_10kb_seed9,nr,2g,5,10kb,9,Video,99.15,0.85,2.62,15.0,2.113,47.5
nr_2g_sta5_50kb_seed7,nr,2g,5,50kb,7,Control,76.48,23.52,9.89,112.0,0.527,7.6
nr_2g_sta5_50kb_seed7,nr,2g,5,50kb,7,Sensor,98.77,1.23,7.59,84.0,2.870,41.2
nr_2g_sta5_50kb_seed7,nr,2g,5,50kb,7,Video,99.16,0.84,4.81,24.0,3.566,51.2
nr_2g_sta5_50kb_seed8,nr,2g,5,50kb,8,Control,87.64,12.36,7.75,110.0,0.604,7.1
nr_2g_sta5_50kb_seed8,nr,2g,5,50kb,8,Sensor,99.26,0.74,9.01,128.0,3.542,41.5
nr_2g_sta5_50kb_seed8,nr,2g,5,50kb,8,Video,98.29,1.71,4.85,32.0,4.393,51.4
nr_2g_sta5_50kb_seed9,nr,2g,5,50kb,9,Control,87.35,12.65,6.43,58.0,0.602,6.6
nr_2g_sta5_50kb_seed9,nr,2g,5,50kb,9,Sensor,99.23,0.77,7.69,74.0,3.829,41.7
nr_2g_sta5_50kb_seed9,nr,2g,5,50kb,9,Video,98.91,1.09,8.24,50.0,4.746,51.7
nr_2g_sta5_1mb_seed7,nr,2g,5,1mb,7,Control,50.47,49.53,75.88,275.0,0.348,2.3
nr_2g_sta5_1mb_seed7,nr,2g,5,1mb,7,Sensor,98.38,1.62,98.62,269.0,6.923,46.1
nr_2g_sta5_1mb_seed7,nr,2g,5,1mb,7,Video,98.35,1.65,90.48,268.0,7.737,51.6
nr_2g_sta5_1mb_seed8,nr,2g,5,1mb,8,Control,54.68,45.32,26.17,313.0,0.377,5.6
nr_2g_sta5_1mb_seed8,nr,2g,5,1mb,8,Sensor,97.43,2.57,21.35,209.0,2.459,36.4
nr_2g_sta5_1mb_seed8,nr,2g,5,1mb,8,Video,97.99,2.01,20.45,206.0,3.915,58.0
nr_2g_sta5_1mb_seed9,nr,2g,5,1mb,9,Control,47.72,52.28,20.14,211.0,0.329,2.8
nr_2g_sta5_1mb_seed9,nr,2g,5,1mb,9,Sensor,98.79,1.21,11.66,74.0,5.453,45.6
nr_2g_sta5_1mb_seed9,nr,2g,5,1mb,9,Video,98.97,1.03,11.46,63.0,6.165,51.6
nr_2g_sta5_2mb_seed7,nr,2g,5,2mb,7,Control,61.83,38.17,40.51,391.0,0.426,1.9
nr_2g_sta5_2mb_seed7,nr,2g,5,2mb,7,Sensor,97.83,2.17,58.58,296.0,11.498,50.0
nr_2g_sta5_2mb_seed7,nr,2g,5,2mb,7,Video,97.90,2.10,25.42,298.0,11.050,48.1
nr_2g_sta5_2mb_seed8,nr,2g,5,2mb,8,Control,48.94,51.06,26.73,313.0,0.337,3.6
nr_2g_sta5_2mb_seed8,nr,2g,5,2mb,8,Sensor,96.40,3.60,39.29,312.0,3.561,38.0
nr_2g_sta5_2mb_seed8,nr,2g,5,2mb,8,Video,97.73,2.27,29.54,249.0,5.474,58.4
nr_2g_sta5_2mb_seed9,nr,2g,5,2mb,9,Control,39.08,60.92,55.92,380.0,0.269,1.6
nr_2g_sta5_2mb_seed9,nr,2g,5,2mb,9,Sensor,97.25,2.75,68.10,306.0,8.339,50.8
nr_2g_sta5_2mb_seed9,nr,2g,5,2mb,9,Video,97.72,2.28,67.41,285.0,7.816,47.6
nr_2g_sta10_10kb_seed7,nr,2g,10,10kb,7,Control,79.71,20.29,6.51,36.0,1.076,19.5
nr_2g_sta10_10kb_seed7,nr,2g,10,10kb,7,Sensor,98.05,1.95,7.00,67.0,1.968,35.7
nr_2g_sta10_10kb_seed7,nr,2g,10,10kb,7,Video,98.48,1.52,4.82,21.0,2.475,44.9
nr_2g_sta10_10kb_seed8,nr,2g,10,10kb,8,Control,81.56,18.44,5.86,31.0,1.101,18.1
nr_2g_sta10_10kb_seed8,nr,2g,10,10kb,8,Sensor,98.85,1.15,5.00,36.0,2.216,36.5
nr_2g_sta10_10kb_seed8,nr,2g,10,10kb,8,Video,98.76,1.24,3.57,23.0,2.761,45.4
nr_2g_sta10_10kb_seed9,nr,2g,10,10kb,9,Control,77.27,22.73,7.22,31.0,1.043,16.9
nr_2g_sta10_10kb_seed9,nr,2g,10,10kb,9,Sensor,97.98,2.02,6.60,49.0,2.290,37.1
nr_2g_sta10_10kb_seed9,nr,2g,10,10kb,9,Video,98.25,1.75,5.06,21.0,2.841,46.0
nr_2g_sta10_50kb_seed7,nr,2g,10,50kb,7,Control,73.80,26.20,8.90,70.0,0.996,10.6
nr_2g_sta10_50kb_seed7,nr,2g,10,50kb,7,Sensor,97.93,2.07,8.02,76.0,3.817,40.6
nr_2g_sta10_50kb_seed7,nr,2g,10,50kb,7,Video,97.96,2.04,6.04,23.0,4.583,48.8
nr_2g_sta10_50kb_seed8,nr,2g,10,50kb,8,Control,74.01,25.99,8.46,53.0,0.999,8.5
nr_2g_sta10_50kb_seed8,nr,2g,10,50kb,8,Sensor,98.70,1.30,11.77,139.0,4.677,40.0
nr_2g_sta10_50kb_seed8,nr,2g,10,50kb,8,Video,98.64,1.36,5.60,29.0,6.009,51.4
nr_2g_sta10_50kb_seed9,nr,2g,10,50kb,9,Control,75.69,24.31,14.78,238.0,1.021,8.9
nr_2g_sta10_50kb_seed9,nr,2g,10,50kb,9,Sensor,98.56,1.44,16.30,179.0,4.646,40.5
nr_2g_sta10_50kb_seed9,nr,2g,10,50kb,9,Video,98.43,1.57,12.68,107.0,5.794,50.6
nr_2g_sta10_1mb_seed7,nr,2g,10,1mb,7,Control,75.57,24.43,28.30,393.0,1.020,3.1
nr_2g_sta10_1mb_seed7,nr,2g,10,1mb,7,Sensor,96.62,3.38,34.51,278.0,13.960,43.0
nr_2g_sta10_1mb_seed7,nr,2g,10,1mb,7,Video,97.82,2.18,20.95,144.0,17.467,53.8
nr_2g_sta10_1mb_seed8,nr,2g,10,1mb,8,Control,66.63,33.37,28.73,467.0,0.899,5.9
nr_2g_sta10_1mb_seed8,nr,2g,10,1mb,8,Sensor,96.18,3.82,28.47,155.0,6.227,40.7
nr_2g_sta10_1mb_seed8,nr,2g,10,1mb,8,Video,97.52,2.48,30.15,132.0,8.171,53.4
nr_2g_sta10_1mb_seed9,nr,2g,10,1mb,9,Control,61.85,38.15,38.38,287.0,0.835,3.8
nr_2g_sta10_1mb_seed9,nr,2g,10,1mb,9,Sensor,97.44,2.56,47.15,239.0,9.544,43.8
nr_2g_sta10_1mb_seed9,nr,2g,10,1mb,9,Video,97.82,2.18,31.58,160.0,11.435,52.4
nr_2g_sta10_2mb_seed7,nr,2g,10,2mb,7,Control,54.19,45.81,22.42,190.0,0.731,2.7
nr_2g_sta10_2mb_seed7,nr,2g,10,2mb,7,Sensor,97.08,2.92,39.48,245.0,11.056,41.0
nr_2g_sta10_2mb_seed7,nr,2g,10,2mb,7,Video,97.94,2.06,24.86,134.0,15.162,56.3
nr_2g_sta10_2mb_seed8,nr,2g,10,2mb,8,Control,49.30,50.70,23.94,270.0,0.665,5.9
nr_2g_sta10_2mb_seed8,nr,2g,10,2mb,8,Sensor,94.93,5.07,41.64,291.0,3.411,30.1
nr_2g_sta10_2mb_seed8,nr,2g,10,2mb,8,Video,96.93,3.07,23.89,187.0,7.259,64.0
nr_2g_sta10_2mb_seed9,nr,2g,10,2mb,9,Control,57.57,42.43,70.85,461.0,0.777,4.9
nr_2g_sta10_2mb_seed9,nr,2g,10,2mb,9,Sensor,92.83,7.17,72.87,401.0,6.329,39.7
nr_2g_sta10_2mb_seed9,nr,2g,10,2mb,9,Video,95.29,4.71,64.11,340.0,8.838,55.4
nr_2g_sta15_10kb_seed7,nr,2g,15,10kb,7,Control,64.32,35.68,14.55,291.0,1.275,19.7
nr_2g_sta15_10kb_seed7,nr,2g,15,10kb,7,Sensor,96.59,3.41,13.04,128.0,2.338,36.1
nr_2g_sta15_10kb_seed7,nr,2g,15,10kb,7,Video,96.84,3.16,9.14,45.0,2.869,44.3
nr_2g_sta15_10kb_seed8,nr,2g,15,10kb,8,Control,69.07,30.93,14.39,382.0,1.369,17.8
nr_2g_sta15_10kb_seed8,nr,2g,15,10kb,8,Sensor,98.49,1.51,11.46,145.0,2.811,36.5
nr_2g_sta15_10kb_seed8,nr,2g,15,10kb,8,Video,97.86,2.14,7.37,30.0,3.517,45.7
nr_2g_sta15_10kb_seed9,nr,2g,15,10kb,9,Control,65.38,34.62,7.13,45.0,1.296,15.4
nr_2g_sta15_10kb_seed9,nr,2g,15,10kb,9,Sensor,98.04,1.96,9.72,110.0,3.221,38.3
nr_2g_sta15_10kb_seed9,nr,2g,15,10kb,9,Video,97.89,2.11,6.35,31.0,3.892,46.3
nr_2g_sta15_50kb_seed7,nr,2g,15,50kb,7,Control,70.26,29.74,15.91,266.0,1.393,8.8
nr_2g_sta15_50kb_seed7,nr,2g,15,50kb,7,Sensor,97.13,2.87,18.83,177.0,6.114,38.7
nr_2g_sta15_50kb_seed7,nr,2g,15,50kb,7,Video,97.25,2.75,12.91,118.0,8.294,52.5
nr_2g_sta15_50kb_seed8,nr,2g,15,50kb,8,Control,61.46,38.54,8.62,70.0,1.218,8.1
nr_2g_sta15_50kb_seed8,nr,2g,15,50kb,8,Sensor,98.29,1.71,14.87,170.0,6.145,40.8
nr_2g_sta15_50kb_seed8,nr,2g,15,50kb,8,Video,97.91,2.09,8.73,79.0,7.693,51.1
nr_2g_sta15_50kb_seed9,nr,2g,15,50kb,9,Control,61.51,38.49,12.68,133.0,1.219,7.8
nr_2g_sta15_50kb_seed9,nr,2g,15,50kb,9,Sensor,98.51,1.49,14.32,155.0,6.419,41.0
nr_2g_sta15_50kb_seed9,nr,2g,15,50kb,9,Video,98.39,1.61,8.00,47.0,8.003,51.2
nr_2g_sta15_1mb_seed7,nr,2g,15,1mb,7,Control,59.79,40.21,38.12,315.0,1.185,6.6
nr_2g_sta15_1mb_seed7,nr,2g,15,1mb,7,Sensor,97.18,2.82,57.81,322.0,7.379,41.3
nr_2g_sta15_1mb_seed7,nr,2g,15,1mb,7,Video,97.09,2.91,53.09,294.0,9.313,52.1
nr_2g_sta15_1mb_seed8,nr,2g,15,1mb,8,Control,53.76,46.24,28.58,470.0,1.065,4.1
nr_2g_sta15_1mb_seed8,nr,2g,15,1mb,8,Sensor,97.13,2.87,24.58,195.0,12.720,49.2
nr_2g_sta15_1mb_seed8,nr,2g,15,1mb,8,Video,97.04,2.96,25.34,179.0,12.061,46.7
nr_2g_sta15_1mb_seed9,nr,2g,15,1mb,9,Control,60.17,39.83,34.60,407.0,1.193,4.2
nr_2g_sta15_1mb_seed9,nr,2g,15,1mb,9,Sensor,96.83,3.17,39.06,280.0,11.720,41.1
nr_2g_sta15_1mb_seed9,nr,2g,15,1mb,9,Video,97.69,2.31,29.25,227.0,15.599,54.7
nr_2g_sta15_2mb_seed7,nr,2g,15,2mb,7,Control,50.32,49.68,36.29,396.0,0.997,3.7
nr_2g_sta15_2mb_seed7,nr,2g,15,2mb,7,Sensor,95.94,4.06,40.73,326.0,10.440,38.3
nr_2g_sta15_2mb_seed7,nr,2g,15,2mb,7,Video,97.09,2.91,32.35,215.0,15.845,58.1
nr_2g_sta15_2mb_seed8,nr,2g,15,2mb,8,Control,49.94,50.06,41.01,430.0,0.990,2.9
nr_2g_sta15_2mb_seed8,nr,2g,15,2mb,8,Sensor,95.08,4.92,61.99,369.0,9.869,28.7
nr_2g_sta15_2mb_seed8,nr,2g,15,2mb,8,Video,97.46,2.54,43.90,301.0,23.561,68.5
nr_2g_sta15_2mb_seed9,nr,2g,15,2mb,9,Control,52.80,47.20,24.90,285.0,1.047,2.8
nr_2g_sta15_2mb_seed9,nr,2g,15,2mb,9,Sensor,97.46,2.54,39.26,280.0,17.100,45.9
nr_2g_sta15_2mb_seed9,nr,2g,15,2mb,9,Video,98.35,1.65,19.02,108.0,19.135,51.3
nr_2g_sta20_10kb_seed7,nr,2g,20,10kb,7,Control,66.02,33.98,7.88,54.0,1.708,15.7
nr_2g_sta20_10kb_seed7,nr,2g,20,10kb,7,Sensor,98.40,1.60,11.46,100.0,4.131,38.0
nr_2g_sta20_10kb_seed7,nr,2g,20,10kb,7,Video,97.87,2.13,6.79,38.0,5.041,46.3
nr_2g_sta20_10kb_seed8,nr,2g,20,10kb,8,Control,61.96,38.04,9.18,46.0,1.603,19.3
nr_2g_sta20_10kb_seed8,nr,2g,20,10kb,8,Sensor,97.94,2.06,9.51,105.0,3.085,37.2
nr_2g_sta20_10kb_seed8,nr,2g,20,10kb,8,Video,97.63,2.37,5.88,26.0,3.602,43.5
nr_2g_sta20_10kb_seed9,nr,2g,20,10kb,9,Control,69.25,30.75,10.28,55.0,1.791,14.9
nr_2g_sta20_10kb_seed9,nr,2g,20,10kb,9,Sensor,97.92,2.08,15.85,181.0,4.475,37.2
nr_2g_sta20_10kb_seed9,nr,2g,20,10kb,9,Video,97.27,2.73,8.98,41.0,5.762,47.9
nr_2g_sta20_50kb_seed7,nr,2g,20,50kb,7,Control,56.88,43.12,10.91,70.0,1.471,7.9
nr_2g_sta20_50kb_seed7,nr,2g,20,50kb,7,Sensor,97.74,2.26,20.37,201.0,7.257,39.0
nr_2g_sta20_50kb_seed7,nr,2g,20,50kb,7,Video,97.91,2.09,8.90,51.0,9.861,53.0
nr_2g_sta20_50kb_seed8,nr,2g,20,50kb,8,Control,56.52,43.48,12.16,120.0,1.462,9.2
nr_2g_sta20_50kb_seed8,nr,2g,20,50kb,8,Sensor,96.77,3.23,20.18,251.0,5.364,33.8
nr_2g_sta20_50kb_seed8,nr,2g,20,50kb,8,Video,97.51,2.49,10.36,49.0,9.026,56.9
nr_2g_sta20_50kb_seed9,nr,2g,20,50kb,9,Control,63.82,36.18,39.64,400.0,1.651,9.1
nr_2g_sta20_50kb_seed9,nr,2g,20,50kb,9,Sensor,96.01,3.99,33.21,302.0,7.679,42.2
nr_2g_sta20_50kb_seed9,nr,2g,20,50kb,9,Video,96.50,3.50,26.00,274.0,8.885,48.8
nr_2g_sta20_1mb_seed7,nr,2g,20,1mb,7,Control,49.77,50.23,21.40,230.0,1.287,4.2
nr_2g_sta20_1mb_seed7,nr,2g,20,1mb,7,Sensor,95.69,4.31,42.26,302.0,10.102,33.3
nr_2g_sta20_1mb_seed7,nr,2g,20,1mb,7,Video,97.14,2.86,29.85,243.0,18.919,62.4
nr_2g_sta20_1mb_seed8,nr,2g,20,1mb,8,Control,56.24,43.76,31.89,278.0,1.455,5.5
nr_2g_sta20_1mb_seed8,nr,2g,20,1mb,8,Sensor,95.17,4.83,53.65,332.0,9.634,36.4
nr_2g_sta20_1mb_seed8,nr,2g,20,1mb,8,Video,96.63,3.37,35.29,242.0,15.363,58.1
nr_2g_sta20_1mb_seed9,nr,2g,20,1mb,9,Control,58.86,41.14,31.32,244.0,1.522,6.6
nr_2g_sta20_1mb_seed9,nr,2g,20,1mb,9,Sensor,94.23,5.77,55.64,335.0,10.693,46.6
nr_2g_sta20_1mb_seed9,nr,2g,20,1mb,9,Video,95.49,4.51,39.45,224.0,10.752,46.8
nr_2g_sta20_2mb_seed7,nr,2g,20,2mb,7,Control,48.47,51.53,23.22,211.0,1.254,3.9
nr_2g_sta20_2mb_seed7,nr,2g,20,2mb,7,Sensor,94.23,5.77,55.61,339.0,9.322,29.3
nr_2g_sta20_2mb_seed7,nr,2g,20,2mb,7,Video,97.14,2.86,30.31,215.0,21.277,66.8
nr_2g_sta20_2mb_seed8,nr,2g,20,2mb,8,Control,48.38,51.62,52.49,395.0,1.251,5.3
nr_2g_sta20_2mb_seed8,nr,2g,20,2mb,8,Sensor,94.60,5.40,87.85,429.0,9.720,41.4
nr_2g_sta20_2mb_seed8,nr,2g,20,2mb,8,Video,96.50,3.50,49.96,315.0,12.493,53.2
nr_2g_sta20_2mb_seed9,nr,2g,20,2mb,9,Control,58.50,41.50,45.34,326.0,1.513,6.0
nr_2g_sta20_2mb_seed9,nr,2g,20,2mb,9,Sensor,92.31,7.69,56.50,327.0,8.785,34.9
nr_2g_sta20_2mb_seed9,nr,2g,20,2mb,9,Video,96.11,3.89,44.81,296.0,14.900,59.1
nr_5g_sta5_10kb_seed7,nr,5g,5,10kb,7,Control,94.48,5.52,5.83,69.0,0.651,15.6
nr_5g_sta5_10kb_seed7,nr,5g,5,10kb,7,Sensor,99.00,1.00,3.67,43.0,1.562,37.5
nr_5g_sta5_10kb_seed7,nr,5g,5,10kb,7,Video,99.23,0.77,3.75,55.0,1.949,46.8
nr_5g_sta5_10kb_seed8,nr,5g,5,10kb,8,Control,67.68,32.32,9.33,53.0,0.466,19.6
nr_5g_sta5_10kb_seed8,nr,5g,5,10kb,8,Sensor,96.72,3.28,6.08,37.0,0.866,36.4
nr_5g_sta5_10kb_seed8,nr,5g,5,10kb,8,Video,97.15,2.85,4.94,36.0,1.047,44.0
nr_5g_sta5_10kb_seed9,nr,5g,5,10kb,9,Control,87.92,12.08,6.56,45.0,0.606,16.1
nr_5g_sta5_10kb_seed9,nr,5g,5,10kb,9,Sensor,98.62,1.38,4.51,36.0,1.324,35.2
nr_5g_sta5_10kb_seed9,nr,5g,5,10kb,9,Video,98.69,1.31,4.07,25.0,1.833,48.7
nr_5g_sta5_50kb_seed7,nr,5g,5,50kb,7,Control,92.12,7.88,16.22,410.0,0.634,7.0
nr_5g_sta5_50kb_seed7,nr,5g,5,50kb,7,Sensor,99.01,0.99,8.88,47.0,3.764,41.4
nr_5g_sta5_50kb_seed7,nr,5g,5,50kb,7,Video,99.41,0.59,6.82,32.0,4.686,51.6
nr_5g_sta5_50kb_seed8,nr,5g,5,50kb,8,Control,70.00,30.00,20.65,452.0,0.482,8.1
nr_5g_sta5_50kb_seed8,nr,5g,5,50kb,8,Sensor,97.26,2.74,12.56,134.0,2.482,41.6
nr_5g_sta5_50kb_seed8,nr,5g,5,50kb,8,Video,96.96,3.04,11.89,141.0,3.003,50.3
nr_5g_sta5_50kb_seed9,nr,5g,5,50kb,9,Control,86.58,13.42,11.02,127.0,0.596,8.1
nr_5g_sta5_50kb_seed9,nr,5g,5,50kb,9,Sensor,98.91,1.09,6.19,36.0,2.949,39.9
nr_5g_sta5_50kb_seed9,nr,5g,5,50kb,9,Video,99.07,0.93,6.68,36.0,3.837,52.0
nr_5g_sta5_1mb_seed7,nr,5g,5,1mb,7,Control,46.29,53.71,25.44,235.0,0.319,3.1
nr_5g_sta5_1mb_seed7,nr,5g,5,1mb,7,Sensor,96.90,3.10,36.28,223.0,4.511,44.3
nr_5g_sta5_1mb_seed7,nr,5g,5,1mb,7,Video,97.73,2.27,32.01,201.0,5.363,52.6
nr_5g_sta5_1mb_seed8,nr,5g,5,1mb,8,Control,65.60,34.40,40.06,397.0,0.452,5.1
nr_5g_sta5_1mb_seed8,nr,5g,5,1mb,8,Sensor,94.86,5.14,33.28,271.0,3.219,36.3
nr_5g_sta5_1mb_seed8,nr,5g,5,1mb,8,Video,95.22,4.78,46.01,314.0,5.190,58.6
nr_5g_sta5_1mb_seed9,nr,5g,5,1mb,9,Control,59.98,40.02,31.82,395.0,0.413,2.9
nr_5g_sta5_1mb_seed9,nr,5g,5,1mb,9,Sensor,98.24,1.76,22.87,337.0,6.333,45.1
nr_5g_sta5_1mb_seed9,nr,5g,5,1mb,9,Video,98.53,1.47,23.44,351.0,7.288,51.9
nr_5g_sta5_2mb_seed7,nr,5g,5,2mb,7,Control,56.35,43.65,45.03,414.0,0.388,2.3
nr_5g_sta5_2mb_seed7,nr,5g,5,2mb,7,Sensor,98.10,1.90,28.35,321.0,6.447,38.2
nr_5g_sta5_2mb_seed7,nr,5g,5,2mb,7,Video,98.41,1.59,39.04,361.0,10.056,59.5
nr_5g_sta5_2mb_seed8,nr,5g,5,2mb,8,Control,53.16,46.84,36.49,323.0,0.366,4.0
nr_5g_sta5_2mb_seed8,nr,5g,5,2mb,8,Sensor,95.07,4.93,51.67,418.0,4.578,50.6
nr_5g_sta5_2mb_seed8,nr,5g,5,2mb,8,Video,95.65,4.35,40.97,326.0,4.101,45.3
nr_5g_sta5_2mb_seed9,nr,5g,5,2mb,9,Control,49.45,50.55,76.46,526.0,0.341,2.1
nr_5g_sta5_2mb_seed9,nr,5g,5,2mb,9,Sensor,97.34,2.66,61.81,248.0,7.889,49.0
nr_5g_sta5_2mb_seed9,nr,5g,5,2mb,9,Video,97.44,2.56,65.23,249.0,7.872,48.9
nr_5g_sta10_10kb_seed7,nr,5g,10,10kb,7,Control,87.05,12.95,8.75,147.0,1.175,16.7
nr_5g_sta10_10kb_seed7,nr,5g,10,10kb,7,Sensor,98.79,1.21,7.55,137.0,2.604,37.0
nr_5g_sta10_10kb_seed7,nr,5g,10,10kb,7,Video,98.95,1.05,6.70,66.0,3.259,46.3
nr_5g_sta10_10kb_seed8,nr,5g,10,10kb,8,Control,83.93,16.07,6.40,30.0,1.133,17.3
nr_5g_sta10_10kb_seed8,nr,5g,10,10kb,8,Sensor,98.66,1.34,6.69,97.0,2.416,36.8
nr_5g_sta10_10kb_seed8,nr,5g,10,10kb,8,Video,98.92,1.08,4.63,27.0,3.010,45.9
nr_5g_sta10_10kb_seed9,nr,5g,10,10kb,9,Control,86.10,13.90,6.37,46.0,1.162,17.6
nr_5g_sta10_10kb_seed9,nr,5g,10,10kb,9,Sensor,98.98,1.02,4.88,33.0,2.450,37.1
nr_5g_sta10_10kb_seed9,nr,5g,10,10kb,9,Video,99.19,0.81,4.44,29.0,2.997,45.4
nr_5g_sta10_50kb_seed7,nr,5g,10,50kb,7,Control,82.22,17.78,11.98,126.0,1.110,8.2
nr_5g_sta10_50kb_seed7,nr,5g,10,50kb,7,Sensor,98.80,1.20,11.58,119.0,5.397,39.6
nr_5g_sta10_50kb_seed7,nr,5g,10,50kb,7,Video,98.73,1.27,10.41,102.0,7.106,52.2
nr_5g_sta10_50kb_seed8,nr,5g,10,50kb,8,Control,88.69,11.31,5.01,21.0,1.197,7.4
nr_5g_sta10_50kb_seed8,nr,5g,10,50kb,8,Sensor,98.88,1.12,6.03,53.0,6.688,41.2
nr_5g_sta10_50kb_seed8,nr,5g,10,50kb,8,Video,98.83,1.17,4.07,25.0,8.339,51.4
nr_5g_sta10_50kb_seed9,nr,5g,10,50kb,9,Control,77.62,22.38,11.58,173.0,1.047,7.6
nr_5g_sta10_50kb_seed9,nr,5g,10,50kb,9,Sensor,98.54,1.46,12.54,158.0,5.655,41.2
nr_5g_sta10_50kb_seed9,nr,5g,10,50kb,9,Video,98.74,1.26,10.13,57.0,7.032,51.2
nr_5g_sta10_1mb_seed7,nr,5g,10,1mb,7,Control,67.49,32.51,17.70,234.0,0.911,3.7
nr_5g_sta10_1mb_seed7,nr,5g,10,1mb,7,Sensor,98.73,1.27,18.42,180.0,10.754,43.2
nr_5g_sta10_1mb_seed7,nr,5g,10,1mb,7,Video,99.00,1.00,13.83,130.0,13.255,53.2
nr_5g_sta10_1mb_seed8,nr,5g,10,1mb,8,Control,72.39,27.61,15.94,152.0,0.977,3.0
nr_5g_sta10_1mb_seed8,nr,5g,10,1mb,8,Sensor,98.02,1.98,18.74,153.0,14.555,44.1
nr_5g_sta10_1mb_seed8,nr,5g,10,1mb,8,Video,98.50,1.50,15.17,141.0,17.489,53.0
nr_5g_sta10_1mb_seed9,nr,5g,10,1mb,9,Control,58.97,41.03,49.43,543.0,0.796,4.4
nr_5g_sta10_1mb_seed9,nr,5g,10,1mb,9,Sensor,96.99,3.01,37.03,391.0,7.850,43.2
nr_5g_sta10_1mb_seed9,nr,5g,10,1mb,9,Video,97.79,2.21,32.89,356.0,9.511,52.4
nr_5g_sta10_2mb_seed7,nr,5g,10,2mb,7,Control,48.19,51.81,14.03,155.0,0.650,1.9
nr_5g_sta10_2mb_seed7,nr,5g,10,2mb,7,Sensor,98.92,1.08,9.73,118.0,14.453,42.3
nr_5g_sta10_2mb_seed7,nr,5g,10,2mb,7,Video,99.15,0.85,8.21,95.0,19.050,55.8
nr_5g_sta10_2mb_seed8,nr,5g,10,2mb,8,Control,75.97,24.03,33.81,258.0,1.025,2.1
nr_5g_sta10_2mb_seed8,nr,5g,10,2mb,8,Sensor,98.16,1.84,31.02,282.0,21.618,43.5
nr_5g_sta10_2mb_seed8,nr,5g,10,2mb,8,Video,98.41,1.59,22.93,234.0,27.024,54.4
nr_5g_sta10_2mb_seed9,nr,5g,10,2mb,9,Control,52.79,47.21,39.86,451.0,0.712,2.7
nr_5g_sta10_2mb_seed9,nr,5g,10,2mb,9,Sensor,98.06,1.94,14.28,152.0,10.576,39.9
nr_5g_sta10_2mb_seed9,nr,5g,10,2mb,9,Video,97.77,2.23,33.27,205.0,15.202,57.4
nr_5g_sta15_10kb_seed7,nr,5g,15,10kb,7,Control,72.72,27.28,8.36,75.0,1.441,16.8
nr_5g_sta15_10kb_seed7,nr,5g,15,10kb,7,Sensor,97.30,2.70,10.54,121.0,3.090,35.9
nr_5g_sta15_10kb_seed7,nr,5g,15,10kb,7,Video,97.71,2.29,7.90,78.0,4.067,47.3
nr_5g_sta15_10kb_seed8,nr,5g,15,10kb,8,Control,86.35,13.65,6.21,32.0,1.711,15.8
nr_5g_sta15_10kb_seed8,nr,5g,15,10kb,8,Sensor,98.92,1.08,7.27,56.0,4.076,37.5
nr_5g_sta15_10kb_seed8,nr,5g,15,10kb,8,Video,98.53,1.47,5.39,32.0,5.076,46.7
nr_5g_sta15_10kb_seed9,nr,5g,15,10kb,9,Control,70.61,29.39,7.91,49.0,1.399,19.3
nr_5g_sta15_10kb_seed9,nr,5g,15,10kb,9,Sensor,97.57,2.43,7.46,71.0,2.573,35.5
nr_5g_sta15_10kb_seed9,nr,5g,15,10kb,9,Video,98.09,1.91,5.90,46.0,3.267,45.1
nr_5g_sta15_50kb_seed7,nr,5g,15,50kb,7,Control,66.70,33.30,13.32,207.0,1.322,7.7
nr_5g_sta15_50kb_seed7,nr,5g,15,50kb,7,Sensor,97.62,2.38,17.56,95.0,7.020,41.0
nr_5g_sta15_50kb_seed7,nr,5g,15,50kb,7,Video,98.09,1.91,11.50,68.0,8.766,51.2
nr_5g_sta15_50kb_seed8,nr,5g,15,50kb,8,Control,67.07,32.93,16.99,215.0,1.329,8.0
nr_5g_sta15_50kb_seed8,nr,5g,15,50kb,8,Sensor,97.55,2.45,24.15,110.0,7.158,43.2
nr_5g_sta15_50kb_seed8,nr,5g,15,50kb,8,Video,97.82,2.18,19.65,82.0,8.078,48.8
nr_5g_sta15_50kb_seed9,nr,5g,15,50kb,9,Control,64.19,35.81,18.00,256.0,1.272,8.5
nr_5g_sta15_50kb_seed9,nr,5g,15,50kb,9,Sensor,97.79,2.21,21.92,226.0,6.109,40.7
nr_5g_sta15_50kb_seed9,nr,5g,15,50kb,9,Video,97.93,2.07,16.38,140.0,7.626,50.8
nr_5g_sta15_1mb_seed7,nr,5g,15,1mb,7,Control,65.21,34.79,32.95,492.0,1.292,3.7
nr_5g_sta15_1mb_seed7,nr,5g,15,1mb,7,Sensor,97.73,2.27,26.99,403.0,13.394,38.0
nr_5g_sta15_1mb_seed7,nr,5g,15,1mb,7,Video,98.21,1.79,25.11,384.0,20.521,58.3
nr_5g_sta15_1mb_seed8,nr,5g,15,1mb,8,Control,37.99,62.01,23.67,400.0,0.753,4.1
nr_5g_sta15_1mb_seed8,nr,5g,15,1mb,8,Sensor,96.84,3.16,12.41,172.0,7.945,43.0
nr_5g_sta15_1mb_seed8,nr,5g,15,1mb,8,Video,96.94,3.06,9.91,173.0,9.760,52.9
nr_5g_sta15_1mb_seed9,nr,5g,15,1mb,9,Control,59.84,40.16,34.13,309.0,1.186,4.2
nr_5g_sta15_1mb_seed9,nr,5g,15,1mb,9,Sensor,96.62,3.38,38.79,267.0,11.596,41.2
nr_5g_sta15_1mb_seed9,nr,5g,15,1mb,9,Video,97.45,2.55,26.80,264.0,15.374,54.6
nr_5g_sta15_2mb_seed7,nr,5g,15,2mb,7,Control,60.62,39.38,37.70,480.0,1.202,3.2
nr_5g_sta15_2mb_seed7,nr,5g,15,2mb,7,Sensor,97.68,2.32,38.88,264.0,16.662,43.9
nr_5g_sta15_2mb_seed7,nr,5g,15,2mb,7,Video,98.08,1.92,22.41,208.0,20.080,52.9
nr_5g_sta15_2mb_seed8,nr,5g,15,2mb,8,Control,37.07,62.93,27.67,413.0,0.735,3.0
nr_5g_sta15_2mb_seed8,nr,5g,15,2mb,8,Sensor,97.22,2.78,15.38,225.0,9.044,37.4
nr_5g_sta15_2mb_seed8,nr,5g,15,2mb,8,Video,97.93,2.07,9.42,159.0,14.380,59.5
nr_5g_sta15_2mb_seed9,nr,5g,15,2mb,9,Control,50.51,49.49,56.29,593.0,1.001,2.9
nr_5g_sta15_2mb_seed9,nr,5g,15,2mb,9,Sensor,97.79,2.21,43.57,279.0,15.709,45.2
nr_5g_sta15_2mb_seed9,nr,5g,15,2mb,9,Video,97.21,2.79,37.10,294.0,18.057,51.9
nr_5g_sta20_10kb_seed7,nr,5g,20,10kb,7,Control,59.22,40.78,8.67,95.0,1.532,16.0
nr_5g_sta20_10kb_seed7,nr,5g,20,10kb,7,Sensor,97.11,2.89,9.99,118.0,3.723,38.9
nr_5g_sta20_10kb_seed7,nr,5g,20,10kb,7,Video,97.27,2.73,7.39,68.0,4.328,45.2
nr_5g_sta20_10kb_seed8,nr,5g,20,10kb,8,Control,63.26,36.74,11.01,106.0,1.636,19.7
nr_5g_sta20_10kb_seed8,nr,5g,20,10kb,8,Sensor,97.94,2.06,13.54,242.0,2.986,36.0
nr_5g_sta20_10kb_seed8,nr,5g,20,10kb,8,Video,98.15,1.85,8.52,46.0,3.674,44.3
nr_5g_sta20_10kb_seed9,nr,5g,20,10kb,9,Control,63.04,36.96,12.08,262.0,1.630,18.1
nr_5g_sta20_10kb_seed9,nr,5g,20,10kb,9,Sensor,98.09,1.91,13.01,286.0,3.329,36.9
nr_5g_sta20_10kb_seed9,nr,5g,20,10kb,9,Video,98.41,1.59,11.31,269.0,4.070,45.1
nr_5g_sta20_50kb_seed7,nr,5g,20,50kb,7,Control,59.73,40.27,16.67,156.0,1.545,8.0
nr_5g_sta20_50kb_seed7,nr,5g,20,50kb,7,Sensor,97.27,2.73,19.77,155.0,8.048,41.4
nr_5g_sta20_50kb_seed7,nr,5g,20,50kb,7,Video,97.78,2.22,16.71,115.0,9.825,50.6
nr_5g_sta20_50kb_seed8,nr,5g,20,50kb,8,Control,56.87,43.13,23.21,246.0,1.471,9.1
nr_5g_sta20_50kb_seed8,nr,5g,20,50kb,8,Sensor,97.82,2.18,34.92,186.0,6.270,38.9
nr_5g_sta20_50kb_seed8,nr,5g,20,50kb,8,Video,98.15,1.85,28.40,176.0,8.368,51.9
nr_5g_sta20_50kb_seed9,nr,5g,20,50kb,9,Control,59.59,40.41,21.83,282.0,1.541,10.1
nr_5g_sta20_50kb_seed9,nr,5g,20,50kb,9,Sensor,97.80,2.20,26.42,279.0,6.300,41.4
nr_5g_sta20_50kb_seed9,nr,5g,20,50kb,9,Video,98.13,1.87,21.09,231.0,7.371,48.5
nr_5g_sta20_1mb_seed7,nr,5g,20,1mb,7,Control,60.55,39.45,31.48,322.0,1.566,4.2
nr_5g_sta20_1mb_seed7,nr,5g,20,1mb,7,Sensor,96.80,3.20,24.14,263.0,14.433,38.7
nr_5g_sta20_1mb_seed7,nr,5g,20,1mb,7,Video,97.62,2.38,28.36,257.0,21.281,57.1
nr_5g_sta20_1mb_seed8,nr,5g,20,1mb,8,Control,55.12,44.88,36.11,318.0,1.426,4.2
nr_5g_sta20_1mb_seed8,nr,5g,20,1mb,8,Sensor,96.75,3.25,44.13,283.0,15.638,46.3
nr_5g_sta20_1mb_seed8,nr,5g,20,1mb,8,Video,97.42,2.58,37.30,265.0,16.733,49.5
nr_5g_sta20_1mb_seed9,nr,5g,20,1mb,9,Control,54.08,45.92,33.19,436.0,1.399,5.1
nr_5g_sta20_1mb_seed9,nr,5g,20,1mb,9,Sensor,96.57,3.43,35.45,319.0,11.135,40.7
nr_5g_sta20_1mb_seed9,nr,5g,20,1mb,9,Video,97.03,2.97,31.81,262.0,14.828,54.2
nr_5g_sta20_2mb_seed7,nr,5g,20,2mb,7,Control,55.65,44.35,48.23,437.0,1.439,3.2
nr_5g_sta20_2mb_seed7,nr,5g,20,2mb,7,Sensor,96.42,3.58,31.73,378.0,15.537,34.5
nr_5g_sta20_2mb_seed7,nr,5g,20,2mb,7,Video,97.71,2.29,24.03,245.0,28.100,62.3
nr_5g_sta20_2mb_seed8,nr,5g,20,2mb,8,Control,42.67,57.33,51.77,342.0,1.104,4.7
nr_5g_sta20_2mb_seed8,nr,5g,20,2mb,8,Sensor,94.17,5.83,61.45,281.0,9.988,42.8
nr_5g_sta20_2mb_seed8,nr,5g,20,2mb,8,Video,95.81,4.19,56.48,291.0,12.250,52.5
nr_5g_sta20_2mb_seed9,nr,5g,20,2mb,9,Control,49.60,50.40,34.41,456.0,1.283,3.7
nr_5g_sta20_2mb_seed9,nr,5g,20,2mb,9,Sensor,96.52,3.48,21.67,278.0,13.249,38.6
nr_5g_sta20_2mb_seed9,nr,5g,20,2mb,9,Video,97.66,2.34,23.30,239.0,19.795,57.7
