run_id,status,exit_code,elapsed_sec,scenario_dir,cellularMode,hotspotBand,numStaNodes,payload,flowScale,rngSeed,simTime,switch_events,resolved,timeout,superseded,error
lte_2g_sta10_10kb_seed7,ok,0,60.086,Traffic_qos_outputs/Traffic_qos_matrix_192/lte_2g_sta10_10kb_seed7,lte,2g,10,10kb,0.1,7,60,68,60,0,8,
lte_2g_sta10_10kb_seed8,ok,0,73.682,Traffic_qos_outputs/Traffic_qos_matrix_192/lte_2g_sta10_10kb_seed8,lte,2g,10,10kb,0.1,8,60,49,43,0,6,
lte_2g_sta10_10kb_seed9,ok,0,67.915,Traffic_qos_outputs/Traffic_qos_matrix_192/lte_2g_sta10_10kb_seed9,lte,2g,10,10kb,0.1,9,60,50,43,1,6,
lte_2g_sta10_1mb_seed7,ok,0,161.843,Traffic_qos_outputs/Traffic_qos_matrix_192/lte_2g_sta10_1mb_seed7,lte,2g,10,1mb,1.0,7,60,68,60,4,4,
lte_2g_sta10_1mb_seed8,ok,0,139.471,Traffic_qos_outputs/Traffic_qos_matrix_192/lte_2g_sta10_1mb_seed8,lte,2g,10,1mb,1.0,8,60,63,51,5,7,
lte_2g_sta10_1mb_seed9,ok,0,126.814,Traffic_qos_outputs/Traffic_qos_matrix_192/lte_2g_sta10_1mb_seed9,lte,2g,10,1mb,1.0,9,60,70,63,4,3,
lte_2g_sta10_2mb_seed7,ok,0,157.205,Traffic_qos_outputs/Traffic_qos_matrix_192/lte_2g_sta10_2mb_seed7,lte,2g,10,2mb,2.0,7,60,51,46,4,1,
lte_2g_sta10_2mb_seed8,ok,0,133.922,Traffic_qos_outputs/Traffic_qos_matrix_192/lte_2g_sta10_2mb_seed8,lte,2g,10,2mb,2.0,8,60,50,44,6,0,
lte_2g_sta10_2mb_seed9,ok,0,153.690,Traffic_qos_outputs/Traffic_qos_matrix_192/lte_2g_sta10_2mb_seed9,lte,2g,10,2mb,2.0,9,60,54,50,4,0,
lte_2g_sta10_50kb_seed7,ok,0,98.447,Traffic_qos_outputs/Traffic_qos_matrix_192/lte_2g_sta10_50kb_seed7,lte,2g,10,50kb,0.25,7,60,73,64,0,9,
lte_2g_sta10_50kb_seed8,ok,0,106.501,Traffic_qos_outputs/Traffic_qos_matrix_192/lte_2g_sta10_50kb_seed8,lte,2g,10,50kb,0.25,8,60,65,56,0,9,
lte_2g_sta10_50kb_seed9,ok,0,110.882,Traffic_qos_outputs/Traffic_qos_matrix_192/lte_2g_sta10_50kb_seed9,lte,2g,10,50kb,0.25,9,60,70,61,0,9,
lte_2g_sta15_10kb_seed7,ok,0,89.813,Traffic_qos_outputs/Traffic_qos_matrix_192/lte_2g_sta15_10kb_seed7,lte,2g,15,10kb,0.1,7,60,116,95,0,21,
lte_2g_sta15_10kb_seed8,ok,0,104.458,Traffic_qos_outputs/Traffic_qos_matrix_192/lte_2g_sta15_10kb_seed8,lte,2g,15,10kb,0.1,8,60,106,83,7,16,
lte_2g_sta15_10kb_seed9,ok,0,97.532,Traffic_qos_outputs/Traffic_qos_matrix_192/lte_2g_sta15_10kb_seed9,lte,2g,15,10kb,0.1,9,60,99,79,4,16,
lte_2g_sta15_1mb_seed7,ok,0,184.917,Traffic_qos_outputs/Traffic_qos_matrix_192/lte_2g_sta15_1mb_seed7,lte,2g,15,1mb,1.0,7,60,85,72,7,6,
lte_2g_sta15_1mb_seed8,ok,0,207.071,Traffic_qos_outputs/Traffic_qos_matrix_192/lte_2g_sta15_1mb_seed8,lte,2g,15,1mb,1.0,8,60,103,92,8,3,
lte_2g_sta15_1mb_seed9,ok,0,187.075,Traffic_qos_outputs/Traffic_qos_matrix_192/lte_2g_sta15_1mb_seed9,lte,2g,15,1mb,1.0,9,60,85,73,7,5,
lte_2g_sta15_2mb_seed7,ok,0,191.213,Traffic_qos_outputs/Traffic_qos_matrix_192/lte_2g_sta15_2mb_seed7,lte,2g,15,2mb,2.0,7,60,75,68,5,2,
lte_2g_sta15_2mb_seed8,ok,0,204.842,Traffic_qos_outputs/Traffic_qos_matrix_192/lte_2g_sta15_2mb_seed8,lte,2g,15,2mb,2.0,8,60,83,73,9,1,
lte_2g_sta15_2mb_seed9,ok,0,205.351,Traffic_qos_outputs/Traffic_qos_matrix_192/lte_2g_sta15_2mb_seed9,lte,2g,15,2mb,2.0,9,60,78,70,8,0,
lte_2g_sta15_50kb_seed7,ok,0,148.381,Traffic_qos_outputs/Traffic_qos_matrix_192/lte_2g_sta15_50kb_seed7,lte,2g,15,50kb,0.25,7,60,116,101,0,15,
lte_2g_sta15_50kb_seed8,ok,0,154.897,Traffic_qos_outputs/Traffic_qos_matrix_192/lte_2g_sta15_50kb_seed8,lte,2g,15,50kb,0.25,8,60,114,89,6,19,
lte_2g_sta15_50kb_seed9,ok,0,165.843,Traffic_qos_outputs/Traffic_qos_matrix_192/lte_2g_sta15_50kb_seed9,lte,2g,15,50kb,0.25,9,60,110,95,3,12,
lte_2g_sta20_10kb_seed7,ok,0,133.555,Traffic_qos_outputs/Traffic_qos_matrix_192/lte_2g_sta20_10kb_seed7,lte,2g,20,10kb,0.1,7,60,111,96,5,10,
lte_2g_sta20_10kb_seed8,ok,0,136.145,Traffic_qos_outputs/Traffic_qos_matrix_192/lte_2g_sta20_10kb_seed8,lte,2g,20,10kb,0.1,8,60,134,113,4,17,
lte_2g_sta20_10kb_seed9,ok,0,172.788,Traffic_qos_outputs/Traffic_qos_matrix_192/lte_2g_sta20_10kb_seed9,lte,2g,20,10kb,0.1,9,60,147,132,4,11,
lte_2g_sta20_1mb_seed7,ok,0,211.331,Traffic_qos_outputs/Traffic_qos_matrix_192/lte_2g_sta20_1mb_seed7,lte,2g,20,1mb,1.0,7,60,105,92,6,7,
lte_2g_sta20_1mb_seed8,ok,0,229.459,Traffic_qos_outputs/Traffic_qos_matrix_192/lte_2g_sta20_1mb_seed8,lte,2g,20,1mb,1.0,8,60,138,121,8,9,
lte_2g_sta20_1mb_seed9,ok,0,207.126,Traffic_qos_outputs/Traffic_qos_matrix_192/lte_2g_sta20_1mb_seed9,lte,2g,20,1mb,1.0,9,60,131,122,7,2,
lte_2g_sta20_2mb_seed7,ok,0,235.871,Traffic_qos_outputs/Traffic_qos_matrix_192/lte_2g_sta20_2mb_seed7,lte,2g,20,2mb,2.0,7,60,97,87,9,1,
lte_2g_sta20_2mb_seed8,ok,0,238.973,Traffic_qos_outputs/Traffic_qos_matrix_192/lte_2g_sta20_2mb_seed8,lte,2g,20,2mb,2.0,8,60,95,88,6,1,
lte_2g_sta20_2mb_seed9,ok,0,226.918,Traffic_qos_outputs/Traffic_qos_matrix_192/lte_2g_sta20_2mb_seed9,lte,2g,20,2mb,2.0,9,60,114,110,4,0,
lte_2g_sta20_50kb_seed7,ok,0,209.866,Traffic_qos_outputs/Traffic_qos_matrix_192/lte_2g_sta20_50kb_seed7,lte,2g,20,50kb,0.25,7,60,135,125,3,7,
lte_2g_sta20_50kb_seed8,ok,0,182.811,Traffic_qos_outputs/Traffic_qos_matrix_192/lte_2g_sta20_50kb_seed8,lte,2g,20,50kb,0.25,8,60,153,128,5,20,
lte_2g_sta20_50kb_seed9,ok,0,185.166,Traffic_qos_outputs/Traffic_qos_matrix_192/lte_2g_sta20_50kb_seed9,lte,2g,20,50kb,0.25,9,60,168,144,8,16,
lte_2g_sta5_10kb_seed7,ok,0,34.184,Traffic_qos_outputs/Traffic_qos_matrix_192/lte_2g_sta5_10kb_seed7,lte,2g,5,10kb,0.1,7,60,12,8,1,3,
lte_2g_sta5_10kb_seed8,ok,0,36.966,Traffic_qos_outputs/Traffic_qos_matrix_192/lte_2g_sta5_10kb_seed8,lte,2g,5,10kb,0.1,8,60,14,10,0,4,
lte_2g_sta5_10kb_seed9,ok,0,44.308,Traffic_qos_outputs/Traffic_qos_matrix_192/lte_2g_sta5_10kb_seed9,lte,2g,5,10kb,0.1,9,60,8,8,0,0,
lte_2g_sta5_1mb_seed7,ok,0,106.226,Traffic_qos_outputs/Traffic_qos_matrix_192/lte_2g_sta5_1mb_seed7,lte,2g,5,1mb,1.0,7,60,22,18,2,2,
lte_2g_sta5_1mb_seed8,ok,0,83.417,Traffic_qos_outputs/Traffic_qos_matrix_192/lte_2g_sta5_1mb_seed8,lte,2g,5,1mb,1.0,8,60,25,19,3,3,
lte_2g_sta5_1mb_seed9,ok,0,90.046,Traffic_qos_outputs/Traffic_qos_matrix_192/lte_2g_sta5_1mb_seed9,lte,2g,5,1mb,1.0,9,60,30,25,4,1,
lte_2g_sta5_2mb_seed7,ok,0,108.495,Traffic_qos_outputs/Traffic_qos_matrix_192/lte_2g_sta5_2mb_seed7,lte,2g,5,2mb,2.0,7,60,27,26,1,0,
lte_2g_sta5_2mb_seed8,ok,0,96.853,Traffic_qos_outputs/Traffic_qos_matrix_192/lte_2g_sta5_2mb_seed8,lte,2g,5,2mb,2.0,8,60,18,15,3,0,
lte_2g_sta5_2mb_seed9,ok,0,74.575,Traffic_qos_outputs/Traffic_qos_matrix_192/lte_2g_sta5_2mb_seed9,lte,2g,5,2mb,2.0,9,60,24,21,3,0,
lte_2g_sta5_50kb_seed7,ok,0,55.364,Traffic_qos_outputs/Traffic_qos_matrix_192/lte_2g_sta5_50kb_seed7,lte,2g,5,50kb,0.25,7,60,23,18,1,4,
lte_2g_sta5_50kb_seed8,ok,0,66.371,Traffic_qos_outputs/Traffic_qos_matrix_192/lte_2g_sta5_50kb_seed8,lte,2g,5,50kb,0.25,8,60,27,23,0,4,
lte_2g_sta5_50kb_seed9,ok,0,66.663,Traffic_qos_outputs/Traffic_qos_matrix_192/lte_2g_sta5_50kb_seed9,lte,2g,5,50kb,0.25,9,60,24,20,1,3,
lte_5g_sta10_10kb_seed7,ok,0,80.672,Traffic_qos_outputs/Traffic_qos_matrix_192/lte_5g_sta10_10kb_seed7,lte,5g,10,10kb,0.1,7,60,36,32,0,4,
lte_5g_sta10_10kb_seed8,ok,0,88.351,Traffic_qos_outputs/Traffic_qos_matrix_192/lte_5g_sta10_10kb_seed8,lte,5g,10,10kb,0.1,8,60,46,37,1,8,
lte_5g_sta10_10kb_seed9,ok,0,73.381,Traffic_qos_outputs/Traffic_qos_matrix_192/lte_5g_sta10_10kb_seed9,lte,5g,10,10kb,0.1,9,60,48,39,2,7,
lte_5g_sta10_1mb_seed7,ok,0,190.456,Traffic_qos_outputs/Traffic_qos_matrix_192/lte_5g_sta10_1mb_seed7,lte,5g,10,1mb,1.0,7,60,61,56,3,2,
lte_5g_sta10_1mb_seed8,ok,0,245.881,Traffic_qos_outputs/Traffic_qos_matrix_192/lte_5g_sta10_1mb_seed8,lte,5g,10,1mb,1.0,8,60,64,54,5,5,
lte_5g_sta10_1mb_seed9,ok,0,115.754,Traffic_qos_outputs/Traffic_qos_matrix_192/lte_5g_sta10_1mb_seed9,lte,5g,10,1mb,1.0,9,60,59,48,6,5,
lte_5g_sta10_2mb_seed7,ok,0,165.017,Traffic_qos_outputs/Traffic_qos_matrix_192/lte_5g_sta10_2mb_seed7,lte,5g,10,2mb,2.0,7,60,46,37,9,0,
lte_5g_sta10_2mb_seed8,ok,0,292.546,Traffic_qos_outputs/Traffic_qos_matrix_192/lte_5g_sta10_2mb_seed8,lte,5g,10,2mb,2.0,8,60,42,35,6,1,
lte_5g_sta10_2mb_seed9,ok,0,176.882,Traffic_qos_outputs/Traffic_qos_matrix_192/lte_5g_sta10_2mb_seed9,lte,5g,10,2mb,2.0,9,60,52,46,5,1,
lte_5g_sta10_50kb_seed7,ok,0,139.693,Traffic_qos_outputs/Traffic_qos_matrix_192/lte_5g_sta10_50kb_seed7,lte,5g,10,50kb,0.25,7,60,47,44,0,3,
lte_5g_sta10_50kb_seed8,ok,0,156.915,Traffic_qos_outputs/Traffic_qos_matrix_192/lte_5g_sta10_50kb_seed8,lte,5g,10,50kb,0.25,8,60,46,39,0,7,
lte_5g_sta10_50kb_seed9,ok,0,118.887,Traffic_qos_outputs/Traffic_qos_matrix_192/lte_5g_sta10_50kb_seed9,lte,5g,10,50kb,0.25,9,60,65,55,3,7,
lte_5g_sta15_10kb_seed7,ok,0,127.888,Traffic_qos_outputs/Traffic_qos_matrix_192/lte_5g_sta15_10kb_seed7,lte,5g,15,10kb,0.1,7,60,82,70,3,9,
lte_5g_sta15_10kb_seed8,ok,0,147.655,Traffic_qos_outputs/Traffic_qos_matrix_192/lte_5g_sta15_10kb_seed8,lte,5g,15,10kb,0.1,8,60,53,41,3,9,
lte_5g_sta15_10kb_seed9,ok,0,108.284,Traffic_qos_outputs/Traffic_qos_matrix_192/lte_5g_sta15_10kb_seed9,lte,5g,15,10kb,0.1,9,60,99,71,10,18,
lte_5g_sta15_1mb_seed7,ok,0,268.765,Traffic_qos_outputs/Traffic_qos_matrix_192/lte_5g_sta15_1mb_seed7,lte,5g,15,1mb,1.0,7,60,96,89,4,3,
lte_5g_sta15_1mb_seed8,ok,0,218.741,Traffic_qos_outputs/Traffic_qos_matrix_192/lte_5g_sta15_1mb_seed8,lte,5g,15,1mb,1.0,8,60,85,72,7,6,
lte_5g_sta15_1mb_seed9,ok,0,224.492,Traffic_qos_outputs/Traffic_qos_matrix_192/lte_5g_sta15_1mb_seed9,lte,5g,15,1mb,1.0,9,60,84,78,5,1,
lte_5g_sta15_2mb_seed7,ok,0,289.883,Traffic_qos_outputs/Traffic_qos_matrix_192/lte_5g_sta15_2mb_seed7,lte,5g,15,2mb,2.0,7,60,72,65,6,1,
lte_5g_sta15_2mb_seed8,ok,0,236.829,Traffic_qos_outputs/Traffic_qos_matrix_192/lte_5g_sta15_2mb_seed8,lte,5g,15,2mb,2.0,8,60,70,58,10,2,
lte_5g_sta15_2mb_seed9,ok,0,181.703,Traffic_qos_outputs/Traffic_qos_matrix_192/lte_5g_sta15_2mb_seed9,lte,5g,15,2mb,2.0,9,60,75,66,9,0,
lte_5g_sta15_50kb_seed7,ok,0,196.055,Traffic_qos_outputs/Traffic_qos_matrix_192/lte_5g_sta15_50kb_seed7,lte,5g,15,50kb,0.25,7,60,96,83,2,11,
lte_5g_sta15_50kb_seed8,ok,0,192.141,Traffic_qos_outputs/Traffic_qos_matrix_192/lte_5g_sta15_50kb_seed8,lte,5g,15,50kb,0.25,8,60,111,93,5,13,
lte_5g_sta15_50kb_seed9,ok,0,166.673,Traffic_qos_outputs/Traffic_qos_matrix_192/lte_5g_sta15_50kb_seed9,lte,5g,15,50kb,0.25,9,60,112,87,7,18,
lte_5g_sta20_10kb_seed7,ok,0,164.034,Traffic_qos_outputs/Traffic_qos_matrix_192/lte_5g_sta20_10kb_seed7,lte,5g,20,10kb,0.1,7,60,132,106,7,19,
lte_5g_sta20_10kb_seed8,ok,0,174.792,Traffic_qos_outputs/Traffic_qos_matrix_192/lte_5g_sta20_10kb_seed8,lte,5g,20,10kb,0.1,8,60,115,93,5,17,
lte_5g_sta20_10kb_seed9,ok,0,147.235,Traffic_qos_outputs/Traffic_qos_matrix_192/lte_5g_sta20_10kb_seed9,lte,5g,20,10kb,0.1,9,60,112,85,9,18,
lte_5g_sta20_1mb_seed7,ok,0,296.732,Traffic_qos_outputs/Traffic_qos_matrix_192/lte_5g_sta20_1mb_seed7,lte,5g,20,1mb,1.0,7,60,114,97,8,9,
lte_5g_sta20_1mb_seed8,ok,0,267.476,Traffic_qos_outputs/Traffic_qos_matrix_192/lte_5g_sta20_1mb_seed8,lte,5g,20,1mb,1.0,8,60,129,115,9,5,
lte_5g_sta20_1mb_seed9,ok,0,305.441,Traffic_qos_outputs/Traffic_qos_matrix_192/lte_5g_sta20_1mb_seed9,lte,5g,20,1mb,1.0,9,60,119,107,5,7,
lte_5g_sta20_2mb_seed7,ok,0,358.045,Traffic_qos_outputs/Traffic_qos_matrix_192/lte_5g_sta20_2mb_seed7,lte,5g,20,2mb,2.0,7,60,94,85,8,1,
lte_5g_sta20_2mb_seed8,ok,0,338.479,Traffic_qos_outputs/Traffic_qos_matrix_192/lte_5g_sta20_2mb_seed8,lte,5g,20,2mb,2.0,8,60,92,82,8,2,
lte_5g_sta20_2mb_seed9,ok,0,333.083,Traffic_qos_outputs/Traffic_qos_matrix_192/lte_5g_sta20_2mb_seed9,lte,5g,20,2mb,2.0,9,60,104,92,11,1,
lte_5g_sta20_50kb_seed7,ok,0,265.129,Traffic_qos_outputs/Traffic_qos_matrix_192/lte_5g_sta20_50kb_seed7,lte,5g,20,50kb,0.25,7,60,140,120,7,13,
lte_5g_sta20_50kb_seed8,ok,0,222.990,Traffic_qos_outputs/Traffic_qos_matrix_192/lte_5g_sta20_50kb_seed8,lte,5g,20,50kb,0.25,8,60,158,139,5,14,
lte_5g_sta20_50kb_seed9,ok,0,217.149,Traffic_qos_outputs/Traffic_qos_matrix_192/lte_5g_sta20_50kb_seed9,lte,5g,20,50kb,0.25,9,60,136,114,7,15,
lte_5g_sta5_10kb_seed7,ok,0,36.102,Traffic_qos_outputs/Traffic_qos_matrix_192/lte_5g_sta5_10kb_seed7,lte,5g,5,10kb,0.1,7,60,12,11,0,1,
lte_5g_sta5_10kb_seed8,ok,0,39.255,Traffic_qos_outputs/Traffic_qos_matrix_192/lte_5g_sta5_10kb_seed8,lte,5g,5,10kb,0.1,8,60,37,25,1,11,
lte_5g_sta5_10kb_seed9,ok,0,40.571,Traffic_qos_outputs/Traffic_qos_matrix_192/lte_5g_sta5_10kb_seed9,lte,5g,5,10kb,0.1,9,60,13,11,0,2,
lte_5g_sta5_1mb_seed7,ok,0,94.868,Traffic_qos_outputs/Traffic_qos_matrix_192/lte_5g_sta5_1mb_seed7,lte,5g,5,1mb,1.0,7,60,20,14,3,3,
lte_5g_sta5_1mb_seed8,ok,0,109.137,Traffic_qos_outputs/Traffic_qos_matrix_192/lte_5g_sta5_1mb_seed8,lte,5g,5,1mb,1.0,8,60,35,31,2,2,
lte_5g_sta5_1mb_seed9,ok,0,123.058,Traffic_qos_outputs/Traffic_qos_matrix_192/lte_5g_sta5_1mb_seed9,lte,5g,5,1mb,1.0,9,60,25,24,1,0,
lte_5g_sta5_2mb_seed7,ok,0,154.614,Traffic_qos_outputs/Traffic_qos_matrix_192/lte_5g_sta5_2mb_seed7,lte,5g,5,2mb,2.0,7,60,28,25,2,1,
lte_5g_sta5_2mb_seed8,ok,0,91.435,Traffic_qos_outputs/Traffic_qos_matrix_192/lte_5g_sta5_2mb_seed8,lte,5g,5,2mb,2.0,8,60,27,24,3,0,
lte_5g_sta5_2mb_seed9,ok,0,136.441,Traffic_qos_outputs/Traffic_qos_matrix_192/lte_5g_sta5_2mb_seed9,lte,5g,5,2mb,2.0,9,60,34,33,0,1,
lte_5g_sta5_50kb_seed7,ok,0,69.406,Traffic_qos_outputs/Traffic_qos_matrix_192/lte_5g_sta5_50kb_seed7,lte,5g,5,50kb,0.25,7,60,10,10,0,0,
lte_5g_sta5_50kb_seed8,ok,0,60.620,Traffic_qos_outputs/Traffic_qos_matrix_192/lte_5g_sta5_50kb_seed8,lte,5g,5,50kb,0.25,8,60,37,28,2,7,
lte_5g_sta5_50kb_seed9,ok,0,79.568,Traffic_qos_outputs/Traffic_qos_matrix_192/lte_5g_sta5_50kb_seed9,lte,5g,5,50kb,0.25,9,60,22,22,0,0,
nr_2g_sta10_10kb_seed7,ok,0,117.853,Traffic_qos_outputs/Traffic_qos_matrix_192/nr_2g_sta10_10kb_seed7,nr,2g,10,10kb,0.1,7,60,68,53,5,10,
nr_2g_sta10_10kb_seed8,ok,0,125.074,Traffic_qos_outputs/Traffic_qos_matrix_192/nr_2g_sta10_10kb_seed8,nr,2g,10,10kb,0.1,8,60,47,35,2,10,
nr_2g_sta10_10kb_seed9,ok,0,117.111,Traffic_qos_outputs/Traffic_qos_matrix_192/nr_2g_sta10_10kb_seed9,nr,2g,10,10kb,0.1,9,60,49,38,4,7,
nr_2g_sta10_1mb_seed7,ok,0,267.189,Traffic_qos_outputs/Traffic_qos_matrix_192/nr_2g_sta10_1mb_seed7,nr,2g,10,1mb,1.0,7,60,81,76,3,2,
nr_2g_sta10_1mb_seed8,ok,0,208.292,Traffic_qos_outputs/Traffic_qos_matrix_192/nr_2g_sta10_1mb_seed8,nr,2g,10,1mb,1.0,8,60,71,57,7,7,
nr_2g_sta10_1mb_seed9,ok,0,202.926,Traffic_qos_outputs/Traffic_qos_matrix_192/nr_2g_sta10_1mb_seed9,nr,2g,10,1mb,1.0,9,60,67,54,7,6,
nr_2g_sta10_2mb_seed7,ok,0,218.599,Traffic_qos_outputs/Traffic_qos_matrix_192/nr_2g_sta10_2mb_seed7,nr,2g,10,2mb,2.0,7,60,57,51,6,0,
nr_2g_sta10_2mb_seed8,ok,0,180.423,Traffic_qos_outputs/Traffic_qos_matrix_192/nr_2g_sta10_2mb_seed8,nr,2g,10,2mb,2.0,8,60,42,37,5,0,
nr_2g_sta10_2mb_seed9,ok,0,199.787,Traffic_qos_outputs/Traffic_qos_matrix_192/nr_2g_sta10_2mb_seed9,nr,2g,10,2mb,2.0,9,60,59,51,7,1,
nr_2g_sta10_50kb_seed7,ok,0,153.779,Traffic_qos_outputs/Traffic_qos_matrix_192/nr_2g_sta10_50kb_seed7,nr,2g,10,50kb,0.25,7,60,77,61,4,12,
nr_2g_sta10_50kb_seed8,ok,0,180.398,Traffic_qos_outputs/Traffic_qos_matrix_192/nr_2g_sta10_50kb_seed8,nr,2g,10,50kb,0.25,8,60,61,44,6,11,
nr_2g_sta10_50kb_seed9,ok,0,169.878,Traffic_qos_outputs/Traffic_qos_matrix_192/nr_2g_sta10_50kb_seed9,nr,2g,10,50kb,0.25,9,60,56,46,2,8,
nr_2g_sta15_10kb_seed7,ok,0,224.374,Traffic_qos_outputs/Traffic_qos_matrix_192/nr_2g_sta15_10kb_seed7,nr,2g,15,10kb,0.1,7,60,123,86,13,24,
nr_2g_sta15_10kb_seed8,ok,0,230.302,Traffic_qos_outputs/Traffic_qos_matrix_192/nr_2g_sta15_10kb_seed8,nr,2g,15,10kb,0.1,8,60,101,65,13,23,
nr_2g_sta15_10kb_seed9,ok,0,216.704,Traffic_qos_outputs/Traffic_qos_matrix_192/nr_2g_sta15_10kb_seed9,nr,2g,15,10kb,0.1,9,60,92,57,14,21,
nr_2g_sta15_1mb_seed7,ok,0,286.245,Traffic_qos_outputs/Traffic_qos_matrix_192/nr_2g_sta15_1mb_seed7,nr,2g,15,1mb,1.0,7,60,89,67,11,11,
nr_2g_sta15_1mb_seed8,ok,0,306.794,Traffic_qos_outputs/Traffic_qos_matrix_192/nr_2g_sta15_1mb_seed8,nr,2g,15,1mb,1.0,8,60,101,81,13,7,
nr_2g_sta15_1mb_seed9,ok,0,325.521,Traffic_qos_outputs/Traffic_qos_matrix_192/nr_2g_sta15_1mb_seed9,nr,2g,15,1mb,1.0,9,60,100,78,11,11,
nr_2g_sta15_2mb_seed7,ok,0,325.543,Traffic_qos_outputs/Traffic_qos_matrix_192/nr_2g_sta15_2mb_seed7,nr,2g,15,2mb,2.0,7,60,75,62,9,4,
nr_2g_sta15_2mb_seed8,ok,0,322.039,Traffic_qos_outputs/Traffic_qos_matrix_192/nr_2g_sta15_2mb_seed8,nr,2g,15,2mb,2.0,8,60,75,56,15,4,
nr_2g_sta15_2mb_seed9,ok,0,344.773,Traffic_qos_outputs/Traffic_qos_matrix_192/nr_2g_sta15_2mb_seed9,nr,2g,15,2mb,2.0,9,60,81,64,13,4,
nr_2g_sta15_50kb_seed7,ok,0,300.079,Traffic_qos_outputs/Traffic_qos_matrix_192/nr_2g_sta15_50kb_seed7,nr,2g,15,50kb,0.25,7,60,115,89,13,13,
nr_2g_sta15_50kb_seed8,ok,0,321.252,Traffic_qos_outputs/Traffic_qos_matrix_192/nr_2g_sta15_50kb_seed8,nr,2g,15,50kb,0.25,8,60,111,69,20,22,
nr_2g_sta15_50kb_seed9,ok,0,289.603,Traffic_qos_outputs/Traffic_qos_matrix_192/nr_2g_sta15_50kb_seed9,nr,2g,15,50kb,0.25,9,60,103,64,15,24,
nr_2g_sta20_10kb_seed7,ok,0,333.532,Traffic_qos_outputs/Traffic_qos_matrix_192/nr_2g_sta20_10kb_seed7,nr,2g,20,10kb,0.1,7,60,110,76,14,20,
nr_2g_sta20_10kb_seed8,ok,0,313.243,Traffic_qos_outputs/Traffic_qos_matrix_192/nr_2g_sta20_10kb_seed8,nr,2g,20,10kb,0.1,8,60,135,85,23,27,
nr_2g_sta20_10kb_seed9,ok,0,377.663,Traffic_qos_outputs/Traffic_qos_matrix_192/nr_2g_sta20_10kb_seed9,nr,2g,20,10kb,0.1,9,60,138,100,21,17,
nr_2g_sta20_1mb_seed7,ok,0,432.393,Traffic_qos_outputs/Traffic_qos_matrix_192/nr_2g_sta20_1mb_seed7,nr,2g,20,1mb,1.0,7,60,126,91,23,12,
nr_2g_sta20_1mb_seed8,ok,0,436.888,Traffic_qos_outputs/Traffic_qos_matrix_192/nr_2g_sta20_1mb_seed8,nr,2g,20,1mb,1.0,8,60,130,101,13,16,
nr_2g_sta20_1mb_seed9,ok,0,473.013,Traffic_qos_outputs/Traffic_qos_matrix_192/nr_2g_sta20_1mb_seed9,nr,2g,20,1mb,1.0,9,60,138,117,14,7,
nr_2g_sta20_2mb_seed7,ok,0,424.295,Traffic_qos_outputs/Traffic_qos_matrix_192/nr_2g_sta20_2mb_seed7,nr,2g,20,2mb,2.0,7,60,96,80,14,2,
nr_2g_sta20_2mb_seed8,ok,0,402.891,Traffic_qos_outputs/Traffic_qos_matrix_192/nr_2g_sta20_2mb_seed8,nr,2g,20,2mb,2.0,8,60,100,80,17,3,
nr_2g_sta20_2mb_seed9,ok,0,455.903,Traffic_qos_outputs/Traffic_qos_matrix_192/nr_2g_sta20_2mb_seed9,nr,2g,20,2mb,2.0,9,60,107,95,12,0,
nr_2g_sta20_50kb_seed7,ok,0,416.889,Traffic_qos_outputs/Traffic_qos_matrix_192/nr_2g_sta20_50kb_seed7,nr,2g,20,50kb,0.25,7,60,134,90,28,16,
nr_2g_sta20_50kb_seed8,ok,0,402.283,Traffic_qos_outputs/Traffic_qos_matrix_192/nr_2g_sta20_50kb_seed8,nr,2g,20,50kb,0.25,8,60,147,94,25,28,
nr_2g_sta20_50kb_seed9,ok,0,444.124,Traffic_qos_outputs/Traffic_qos_matrix_192/nr_2g_sta20_50kb_seed9,nr,2g,20,50kb,0.25,9,60,164,123,18,23,
nr_2g_sta5_10kb_seed7,ok,0,51.520,Traffic_qos_outputs/Traffic_qos_matrix_192/nr_2g_sta5_10kb_seed7,nr,2g,5,10kb,0.1,7,60,14,10,1,3,
nr_2g_sta5_10kb_seed8,ok,0,52.034,Traffic_qos_outputs/Traffic_qos_matrix_192/nr_2g_sta5_10kb_seed8,nr,2g,5,10kb,0.1,8,60,16,12,1,3,
nr_2g_sta5_10kb_seed9,ok,0,58.471,Traffic_qos_outputs/Traffic_qos_matrix_192/nr_2g_sta5_10kb_seed9,nr,2g,5,10kb,0.1,9,60,8,7,1,0,
nr_2g_sta5_1mb_seed7,ok,0,138.713,Traffic_qos_outputs/Traffic_qos_matrix_192/nr_2g_sta5_1mb_seed7,nr,2g,5,1mb,1.0,7,60,30,21,5,4,
nr_2g_sta5_1mb_seed8,ok,0,95.695,Traffic_qos_outputs/Traffic_qos_matrix_192/nr_2g_sta5_1mb_seed8,nr,2g,5,1mb,1.0,8,60,23,19,2,2,
nr_2g_sta5_1mb_seed9,ok,0,116.256,Traffic_qos_outputs/Traffic_qos_matrix_192/nr_2g_sta5_1mb_seed9,nr,2g,5,1mb,1.0,9,60,28,18,5,5,
nr_2g_sta5_2mb_seed7,ok,0,147.844,Traffic_qos_outputs/Traffic_qos_matrix_192/nr_2g_sta5_2mb_seed7,nr,2g,5,2mb,2.0,7,60,30,25,3,2,
nr_2g_sta5_2mb_seed8,ok,0,111.733,Traffic_qos_outputs/Traffic_qos_matrix_192/nr_2g_sta5_2mb_seed8,nr,2g,5,2mb,2.0,8,60,17,14,3,0,
nr_2g_sta5_2mb_seed9,ok,0,140.504,Traffic_qos_outputs/Traffic_qos_matrix_192/nr_2g_sta5_2mb_seed9,nr,2g,5,2mb,2.0,9,60,24,20,3,1,
nr_2g_sta5_50kb_seed7,ok,0,78.159,Traffic_qos_outputs/Traffic_qos_matrix_192/nr_2g_sta5_50kb_seed7,nr,2g,5,50kb,0.25,7,60,23,16,3,4,
nr_2g_sta5_50kb_seed8,ok,0,95.907,Traffic_qos_outputs/Traffic_qos_matrix_192/nr_2g_sta5_50kb_seed8,nr,2g,5,50kb,0.25,8,60,19,14,4,1,
nr_2g_sta5_50kb_seed9,ok,0,96.221,Traffic_qos_outputs/Traffic_qos_matrix_192/nr_2g_sta5_50kb_seed9,nr,2g,5,50kb,0.25,9,60,21,18,2,1,
nr_5g_sta10_10kb_seed7,ok,0,129.437,Traffic_qos_outputs/Traffic_qos_matrix_192/nr_5g_sta10_10kb_seed7,nr,5g,10,10kb,0.1,7,60,43,36,3,4,
nr_5g_sta10_10kb_seed8,ok,0,137.956,Traffic_qos_outputs/Traffic_qos_matrix_192/nr_5g_sta10_10kb_seed8,nr,5g,10,10kb,0.1,8,60,45,33,4,8,
nr_5g_sta10_10kb_seed9,ok,0,122.862,Traffic_qos_outputs/Traffic_qos_matrix_192/nr_5g_sta10_10kb_seed9,nr,5g,10,10kb,0.1,9,60,40,27,5,8,
nr_5g_sta10_1mb_seed7,ok,0,214.326,Traffic_qos_outputs/Traffic_qos_matrix_192/nr_5g_sta10_1mb_seed7,nr,5g,10,1mb,1.0,7,60,47,41,2,4,
nr_5g_sta10_1mb_seed8,ok,0,333.426,Traffic_qos_outputs/Traffic_qos_matrix_192/nr_5g_sta10_1mb_seed8,nr,5g,10,1mb,1.0,8,60,60,50,6,4,
nr_5g_sta10_1mb_seed9,ok,0,192.542,Traffic_qos_outputs/Traffic_qos_matrix_192/nr_5g_sta10_1mb_seed9,nr,5g,10,1mb,1.0,9,60,53,39,8,6,
nr_5g_sta10_2mb_seed7,ok,0,273.094,Traffic_qos_outputs/Traffic_qos_matrix_192/nr_5g_sta10_2mb_seed7,nr,5g,10,2mb,2.0,7,60,36,27,7,2,
nr_5g_sta10_2mb_seed8,ok,0,395.544,Traffic_qos_outputs/Traffic_qos_matrix_192/nr_5g_sta10_2mb_seed8,nr,5g,10,2mb,2.0,8,60,51,48,3,0,
nr_5g_sta10_2mb_seed9,ok,0,247.671,Traffic_qos_outputs/Traffic_qos_matrix_192/nr_5g_sta10_2mb_seed9,nr,5g,10,2mb,2.0,9,60,44,36,7,1,
nr_5g_sta10_50kb_seed7,ok,0,186.086,Traffic_qos_outputs/Traffic_qos_matrix_192/nr_5g_sta10_50kb_seed7,nr,5g,10,50kb,0.25,7,60,57,46,3,8,
nr_5g_sta10_50kb_seed8,ok,0,232.547,Traffic_qos_outputs/Traffic_qos_matrix_192/nr_5g_sta10_50kb_seed8,nr,5g,10,50kb,0.25,8,60,46,41,1,4,
nr_5g_sta10_50kb_seed9,ok,0,192.470,Traffic_qos_outputs/Traffic_qos_matrix_192/nr_5g_sta10_50kb_seed9,nr,5g,10,50kb,0.25,9,60,59,44,9,6,
nr_5g_sta15_10kb_seed7,ok,0,243.776,Traffic_qos_outputs/Traffic_qos_matrix_192/nr_5g_sta15_10kb_seed7,nr,5g,15,10kb,0.1,7,60,88,65,11,12,
nr_5g_sta15_10kb_seed8,ok,0,230.444,Traffic_qos_outputs/Traffic_qos_matrix_192/nr_5g_sta15_10kb_seed8,nr,5g,15,10kb,0.1,8,60,55,38,8,9,
nr_5g_sta15_10kb_seed9,ok,0,211.595,Traffic_qos_outputs/Traffic_qos_matrix_192/nr_5g_sta15_10kb_seed9,nr,5g,15,10kb,0.1,9,60,98,68,16,14,
nr_5g_sta15_1mb_seed7,ok,0,415.538,Traffic_qos_outputs/Traffic_qos_matrix_192/nr_5g_sta15_1mb_seed7,nr,5g,15,1mb,1.0,7,60,84,62,13,9,
nr_5g_sta15_1mb_seed8,ok,0,277.708,Traffic_qos_outputs/Traffic_qos_matrix_192/nr_5g_sta15_1mb_seed8,nr,5g,15,1mb,1.0,8,60,78,45,18,15,
nr_5g_sta15_1mb_seed9,ok,0,376.218,Traffic_qos_outputs/Traffic_qos_matrix_192/nr_5g_sta15_1mb_seed9,nr,5g,15,1mb,1.0,9,60,96,78,11,7,
nr_5g_sta15_2mb_seed7,ok,0,395.632,Traffic_qos_outputs/Traffic_qos_matrix_192/nr_5g_sta15_2mb_seed7,nr,5g,15,2mb,2.0,7,60,76,65,8,3,
nr_5g_sta15_2mb_seed8,ok,0,302.529,Traffic_qos_outputs/Traffic_qos_matrix_192/nr_5g_sta15_2mb_seed8,nr,5g,15,2mb,2.0,8,60,54,41,8,5,
nr_5g_sta15_2mb_seed9,ok,0,410.151,Traffic_qos_outputs/Traffic_qos_matrix_192/nr_5g_sta15_2mb_seed9,nr,5g,15,2mb,2.0,9,60,74,56,13,5,
nr_5g_sta15_50kb_seed7,ok,0,314.340,Traffic_qos_outputs/Traffic_qos_matrix_192/nr_5g_sta15_50kb_seed7,nr,5g,15,50kb,0.25,7,60,102,75,9,18,
nr_5g_sta15_50kb_seed8,ok,0,327.513,Traffic_qos_outputs/Traffic_qos_matrix_192/nr_5g_sta15_50kb_seed8,nr,5g,15,50kb,0.25,8,60,117,86,14,17,
nr_5g_sta15_50kb_seed9,ok,0,287.511,Traffic_qos_outputs/Traffic_qos_matrix_192/nr_5g_sta15_50kb_seed9,nr,5g,15,50kb,0.25,9,60,108,70,16,22,
nr_5g_sta20_10kb_seed7,ok,0,314.493,Traffic_qos_outputs/Traffic_qos_matrix_192/nr_5g_sta20_10kb_seed7,nr,5g,20,10kb,0.1,7,60,129,72,27,30,
nr_5g_sta20_10kb_seed8,ok,0,314.747,Traffic_qos_outputs/Traffic_qos_matrix_192/nr_5g_sta20_10kb_seed8,nr,5g,20,10kb,0.1,8,60,137,80,32,25,
nr_5g_sta20_10kb_seed9,ok,0,298.819,Traffic_qos_outputs/Traffic_qos_matrix_192/nr_5g_sta20_10kb_seed9,nr,5g,20,10kb,0.1,9,60,111,70,15,26,
nr_5g_sta20_1mb_seed7,ok,0,528.536,Traffic_qos_outputs/Traffic_qos_matrix_192/nr_5g_sta20_1mb_seed7,nr,5g,20,1mb,1.0,7,60,112,86,14,12,
nr_5g_sta20_1mb_seed8,ok,0,532.863,Traffic_qos_outputs/Traffic_qos_matrix_192/nr_5g_sta20_1mb_seed8,nr,5g,20,1mb,1.0,8,60,130,98,19,13,
nr_5g_sta20_1mb_seed9,ok,0,509.402,Traffic_qos_outputs/Traffic_qos_matrix_192/nr_5g_sta20_1mb_seed9,nr,5g,20,1mb,1.0,9,60,120,92,16,12,
nr_5g_sta20_2mb_seed7,ok,0,551.971,Traffic_qos_outputs/Traffic_qos_matrix_192/nr_5g_sta20_2mb_seed7,nr,5g,20,2mb,2.0,7,60,102,82,16,4,
nr_5g_sta20_2mb_seed8,ok,0,500.227,Traffic_qos_outputs/Traffic_qos_matrix_192/nr_5g_sta20_2mb_seed8,nr,5g,20,2mb,2.0,8,60,99,79,17,3,
nr_5g_sta20_2mb_seed9,ok,0,499.519,Traffic_qos_outputs/Traffic_qos_matrix_192/nr_5g_sta20_2mb_seed9,nr,5g,20,2mb,2.0,9,60,83,68,11,4,
nr_5g_sta20_50kb_seed7,ok,0,478.801,Traffic_qos_outputs/Traffic_qos_matrix_192/nr_5g_sta20_50kb_seed7,nr,5g,20,50kb,0.25,7,60,147,92,24,31,
nr_5g_sta20_50kb_seed8,ok,0,415.199,Traffic_qos_outputs/Traffic_qos_matrix_192/nr_5g_sta20_50kb_seed8,nr,5g,20,50kb,0.25,8,60,160,101,28,31,
nr_5g_sta20_50kb_seed9,ok,0,396.037,Traffic_qos_outputs/Traffic_qos_matrix_192/nr_5g_sta20_50kb_seed9,nr,5g,20,50kb,0.25,9,60,128,88,16,24,
nr_5g_sta5_10kb_seed7,ok,0,60.334,Traffic_qos_outputs/Traffic_qos_matrix_192/nr_5g_sta5_10kb_seed7,nr,5g,5,10kb,0.1,7,60,12,10,0,2,
nr_5g_sta5_10kb_seed8,ok,0,63.229,Traffic_qos_outputs/Traffic_qos_matrix_192/nr_5g_sta5_10kb_seed8,nr,5g,5,10kb,0.1,8,60,36,23,3,10,
nr_5g_sta5_10kb_seed9,ok,0,52.000,Traffic_qos_outputs/Traffic_qos_matrix_192/nr_5g_sta5_10kb_seed9,nr,5g,5,10kb,0.1,9,60,18,13,3,2,
nr_5g_sta5_1mb_seed7,ok,0,94.752,Traffic_qos_outputs/Traffic_qos_matrix_192/nr_5g_sta5_1mb_seed7,nr,5g,5,1mb,1.0,7,60,23,15,4,4,
nr_5g_sta5_1mb_seed8,ok,0,114.567,Traffic_qos_outputs/Traffic_qos_matrix_192/nr_5g_sta5_1mb_seed8,nr,5g,5,1mb,1.0,8,60,34,29,2,3,
nr_5g_sta5_1mb_seed9,ok,0,126.951,Traffic_qos_outputs/Traffic_qos_matrix_192/nr_5g_sta5_1mb_seed9,nr,5g,5,1mb,1.0,9,60,17,12,4,1,
nr_5g_sta5_2mb_seed7,ok,0,132.755,Traffic_qos_outputs/Traffic_qos_matrix_192/nr_5g_sta5_2mb_seed7,nr,5g,5,2mb,2.0,7,60,25,22,2,1,
nr_5g_sta5_2mb_seed8,ok,0,119.441,Traffic_qos_outputs/Traffic_qos_matrix_192/nr_5g_sta5_2mb_seed8,nr,5g,5,2mb,2.0,8,60,25,22,3,0,
nr_5g_sta5_2mb_seed9,ok,0,141.090,Traffic_qos_outputs/Traffic_qos_matrix_192/nr_5g_sta5_2mb_seed9,nr,5g,5,2mb,2.0,9,60,29,26,3,0,
nr_5g_sta5_50kb_seed7,ok,0,89.768,Traffic_qos_outputs/Traffic_qos_matrix_192/nr_5g_sta5_50kb_seed7,nr,5g,5,50kb,0.25,7,60,15,15,0,0,
nr_5g_sta5_50kb_seed8,ok,0,95.429,Traffic_qos_outputs/Traffic_qos_matrix_192/nr_5g_sta5_50kb_seed8,nr,5g,5,50kb,0.25,8,60,38,30,3,5,
nr_5g_sta5_50kb_seed9,ok,0,86.259,Traffic_qos_outputs/Traffic_qos_matrix_192/nr_5g_sta5_50kb_seed9,nr,5g,5,50kb,0.25,9,60,26,20,2,4,
