run_id,mobility,seed,guard_enabled,status,elapsed_sec,switch_events,intra_mesh,wifi_to_cell,cell_to_wifi,cellular_mode,num_sta,hotspot_band,condition_tag
sta20_gaussmarkov_seed101_guard_off,gaussmarkov,101,False,ok,762.8,73,4,40,29,lte,20,5g,sta20
sta20_gaussmarkov_seed102_guard_off,gaussmarkov,102,False,ok,871.4,79,7,43,29,lte,20,5g,sta20
sta20_gaussmarkov_seed102_guard_on,gaussmarkov,102,True,ok,955.0,87,8,46,33,lte,20,5g,sta20
sta20_gaussmarkov_seed101_guard_on,gaussmarkov,101,True,ok,968.3,73,7,38,28,lte,20,5g,sta20
sta20_gaussmarkov_seed103_guard_off,gaussmarkov,103,False,ok,995.2,65,3,40,22,lte,20,5g,sta20
sta20_gaussmarkov_seed104_guard_off,gaussmarkov,104,False,ok,829.7,71,2,41,28,lte,20,5g,sta20
sta20_gaussmarkov_seed104_guard_on,gaussmarkov,104,True,ok,795.2,71,2,41,28,lte,20,5g,sta20
sta20_gaussmarkov_seed103_guard_on,gaussmarkov,103,True,ok,1144.6,71,3,43,25,lte,20,5g,sta20
sta20_gaussmarkov_seed105_guard_on,gaussmarkov,105,True,ok,923.4,73,3,42,28,lte,20,5g,sta20
sta20_gaussmarkov_seed105_guard_off,gaussmarkov,105,False,ok,962.4,74,3,43,28,lte,20,5g,sta20
sta20_patrol_seed102_guard_on,patrol,102,True,ok,1074.1,87,7,48,32,lte,20,5g,sta20
sta20_patrol_seed101_guard_off,patrol,101,False,ok,1330.7,90,2,51,37,lte,20,5g,sta20
sta20_patrol_seed102_guard_off,patrol,102,False,ok,1129.4,94,7,51,36,lte,20,5g,sta20
sta20_patrol_seed101_guard_on,patrol,101,True,ok,1338.1,90,2,51,37,lte,20,5g,sta20
sta20_patrol_seed103_guard_off,patrol,103,False,ok,1163.0,62,3,37,22,lte,20,5g,sta20
sta20_patrol_seed104_guard_on,patrol,104,True,ok,1007.1,67,11,35,21,lte,20,5g,sta20
sta20_patrol_seed104_guard_off,patrol,104,False,ok,1017.6,95,11,50,34,lte,20,5g,sta20
sta20_patrol_seed103_guard_on,patrol,103,True,ok,1170.5,62,3,37,22,lte,20,5g,sta20
sta20_patrol_seed105_guard_on,patrol,105,True,ok,1295.2,62,3,37,22,lte,20,5g,sta20
sta20_patrol_seed105_guard_off,patrol,105,False,ok,1323.7,62,3,37,22,lte,20,5g,sta20
sta20_transport_seed103_guard_off,transport,103,False,ok,658.2,20,0,20,0,lte,20,5g,sta20
sta20_transport_seed101_guard_on,transport,101,True,ok,1137.6,48,2,32,14,lte,20,5g,sta20
sta20_transport_seed101_guard_off,transport,101,False,ok,1149.5,48,2,32,14,lte,20,5g,sta20
sta20_transport_seed102_guard_off,transport,102,False,ok,1184.9,66,2,40,24,lte,20,5g,sta20
sta20_transport_seed102_guard_on,transport,102,True,ok,1036.1,60,4,36,20,lte,20,5g,sta20
sta20_transport_seed103_guard_on,transport,103,True,ok,631.0,20,0,20,0,lte,20,5g,sta20
sta20_transport_seed104_guard_off,transport,104,False,ok,891.5,69,11,37,21,lte,20,5g,sta20
sta20_transport_seed104_guard_on,transport,104,True,ok,997.2,67,9,37,21,lte,20,5g,sta20
sta20_transport_seed105_guard_off,transport,105,False,ok,943.4,51,0,34,17,lte,20,5g,sta20
sta20_transport_seed105_guard_on,transport,105,True,ok,953.6,51,0,34,17,lte,20,5g,sta20
sta20_work_seed101_guard_off,work,101,False,ok,712.4,82,5,43,34,lte,20,5g,sta20
sta20_work_seed101_guard_on,work,101,True,ok,595.2,92,8,47,37,lte,20,5g,sta20
sta20_work_seed102_guard_off,work,102,False,ok,712.0,53,3,32,18,lte,20,5g,sta20
sta20_work_seed103_guard_off,work,103,False,ok,596.1,51,19,19,13,lte,20,5g,sta20
sta20_work_seed102_guard_on,work,102,True,ok,717.0,53,3,32,18,lte,20,5g,sta20
sta20_work_seed103_guard_on,work,103,True,ok,596.9,44,18,16,10,lte,20,5g,sta20
sta20_work_seed104_guard_off,work,104,False,ok,642.8,80,2,44,34,lte,20,5g,sta20
sta20_work_seed105_guard_off,work,105,False,ok,354.9,18,9,8,1,lte,20,5g,sta20
sta20_work_seed105_guard_on,work,105,True,ok,337.2,15,8,6,1,lte,20,5g,sta20
sta20_work_seed104_guard_on,work,104,True,ok,542.1,80,2,44,34,lte,20,5g,sta20
