run_id,mobility,seed,guard_enabled,status,elapsed_sec,switch_events,intra_mesh,wifi_to_cell,cell_to_wifi
gaussmarkov_seed103_guard_on,gaussmarkov,103,True,ok,225.8,22,0,15,7
gaussmarkov_seed103_guard_off,gaussmarkov,103,False,ok,227.4,22,0,15,7
gaussmarkov_seed102_guard_off,gaussmarkov,102,False,ok,293.4,57,5,30,22
gaussmarkov_seed104_guard_off,gaussmarkov,104,False,ok,301.8,31,1,18,12
gaussmarkov_seed102_guard_on,gaussmarkov,102,True,ok,372.9,62,9,30,23
gaussmarkov_seed105_guard_off,gaussmarkov,105,False,ok,196.1,19,5,11,3
gaussmarkov_seed105_guard_on,gaussmarkov,105,True,ok,198.3,21,4,13,4
gaussmarkov_seed104_guard_on,gaussmarkov,104,True,ok,294.1,31,1,18,12
gaussmarkov_seed106_guard_off,gaussmarkov,106,False,ok,236.6,40,2,22,16
gaussmarkov_seed106_guard_on,gaussmarkov,106,True,ok,236.2,40,2,22,16
gaussmarkov_seed108_guard_off,gaussmarkov,108,False,ok,190.6,34,3,20,11
gaussmarkov_seed108_guard_on,gaussmarkov,108,True,ok,190.3,34,3,20,11
gaussmarkov_seed107_guard_off,gaussmarkov,107,False,ok,308.7,34,2,20,12
gaussmarkov_seed107_guard_on,gaussmarkov,107,True,ok,298.3,30,2,18,10
gaussmarkov_seed109_guard_off,gaussmarkov,109,False,ok,220.4,33,10,15,8
gaussmarkov_seed109_guard_on,gaussmarkov,109,True,ok,241.3,34,11,15,8
gaussmarkov_seed110_guard_off,gaussmarkov,110,False,ok,248.8,57,9,27,21
gaussmarkov_seed110_guard_on,gaussmarkov,110,True,ok,251.5,59,11,27,21
patrol_seed102_guard_off,patrol,102,False,ok,379.0,39,0,24,15
patrol_seed102_guard_on,patrol,102,True,ok,378.8,39,0,24,15
patrol_seed103_guard_off,patrol,103,False,ok,402.6,56,2,30,24
patrol_seed103_guard_on,patrol,103,True,ok,405.0,56,2,30,24
patrol_seed104_guard_off,patrol,104,False,ok,424.4,38,2,22,14
patrol_seed105_guard_off,patrol,105,False,ok,260.8,23,4,14,5
patrol_seed104_guard_on,patrol,104,True,ok,420.0,41,2,23,16
patrol_seed105_guard_on,patrol,105,True,ok,260.4,20,4,12,4
patrol_seed106_guard_off,patrol,106,False,ok,339.2,27,6,13,8
patrol_seed106_guard_on,patrol,106,True,ok,341.0,32,6,16,10
patrol_seed107_guard_off,patrol,107,False,ok,471.9,33,0,20,13
patrol_seed108_guard_off,patrol,108,False,ok,332.8,46,1,26,19
patrol_seed108_guard_on,patrol,108,True,ok,338.2,46,1,26,19
patrol_seed107_guard_on,patrol,107,True,ok,474.5,33,0,20,13
patrol_seed109_guard_off,patrol,109,False,ok,436.5,45,4,24,17
transport_seed102_guard_off,transport,102,False,ok,177.8,12,0,11,1
patrol_seed109_guard_on,patrol,109,True,ok,378.1,53,4,28,21
patrol_seed110_guard_off,patrol,110,False,ok,391.5,38,4,21,13
transport_seed102_guard_on,transport,102,True,ok,176.7,12,0,11,1
transport_seed103_guard_off,transport,103,False,ok,215.8,20,1,14,5
patrol_seed110_guard_on,patrol,110,True,ok,456.8,29,3,16,10
transport_seed103_guard_on,transport,103,True,ok,214.9,20,1,14,5
transport_seed104_guard_off,transport,104,False,ok,241.1,28,0,18,10
transport_seed104_guard_on,transport,104,True,ok,242.5,28,0,18,10
transport_seed105_guard_off,transport,105,False,ok,207.9,13,1,11,1
transport_seed105_guard_on,transport,105,True,ok,209.4,14,2,11,1
transport_seed107_guard_off,transport,107,False,ok,207.8,20,2,13,5
transport_seed107_guard_on,transport,107,True,ok,209.4,20,2,13,5
transport_seed106_guard_off,transport,106,False,ok,392.1,49,1,28,20
transport_seed106_guard_on,transport,106,True,ok,392.3,49,1,28,20
transport_seed108_guard_off,transport,108,False,ok,369.9,30,0,20,10
transport_seed109_guard_off,transport,109,False,ok,273.3,24,1,16,7
transport_seed108_guard_on,transport,108,True,ok,371.2,30,0,20,10
transport_seed109_guard_on,transport,109,True,ok,272.4,24,1,16,7
transport_seed110_guard_off,transport,110,False,ok,283.0,26,3,15,8
work_seed102_guard_off,work,102,False,ok,150.5,10,4,6,0
work_seed102_guard_on,work,102,True,ok,149.0,10,3,7,0
work_seed103_guard_off,work,103,False,ok,150.9,4,2,2,0
transport_seed110_guard_on,transport,110,True,ok,280.0,26,3,15,8
work_seed103_guard_on,work,103,True,ok,152.7,4,2,2,0
work_seed105_guard_off,work,105,False,ok,162.4,20,0,13,7
work_seed104_guard_off,work,104,False,ok,216.6,28,6,15,7
work_seed105_guard_on,work,105,True,ok,161.8,20,0,13,7
work_seed104_guard_on,work,104,True,ok,216.6,46,10,20,16
work_seed106_guard_off,work,106,False,ok,185.9,18,3,9,6
work_seed106_guard_on,work,106,True,ok,173.9,20,3,11,6
work_seed107_guard_off,work,107,False,ok,192.1,41,1,23,17
work_seed107_guard_on,work,107,True,ok,191.3,41,1,23,17
work_seed108_guard_off,work,108,False,ok,209.2,65,2,34,29
work_seed108_guard_on,work,108,True,ok,209.4,65,2,34,29
work_seed109_guard_off,work,109,False,ok,167.7,21,1,11,9
work_seed109_guard_on,work,109,True,ok,167.9,21,1,11,9
work_seed110_guard_off,work,110,False,ok,186.7,51,13,21,17
work_seed110_guard_on,work,110,True,ok,181.9,51,13,21,17
