scope,flow,cellularMode,kpi,kpi_label,n_sta5,n_sta10,n_sta15,n_sta20,mean_sta5,mean_sta10,mean_sta15,mean_sta20,H,p_value,significant_p_lt_0.05,spearman_rho_sta_vs_mean,note
by_flow,Control,ALL,pdr_pct,PDR (%),160,160,160,160,79.952313,78.295375,72.937000,75.997813,36.1769,6.87051e-08,yes,-0.8000,
by_flow,Control,ALL,mean_delay_ms,Mean delay (ms),160,160,160,160,22.542687,26.788187,34.579313,36.617437,43.5240,1.90475e-09,yes,1.0000,
by_flow,Control,ALL,throughput_mbps,Throughput (Mbps),160,160,160,160,0.550706,1.056469,1.445612,1.965669,548.6618,1.35513e-118,yes,1.0000,
by_flow,Control,ALL,p99_ms,P99 delay (ms),160,160,160,160,190.625000,275.837500,356.437500,419.162500,69.8812,4.52591e-15,yes,1.0000,
by_flow,Sensor,ALL,pdr_pct,PDR (%),160,160,160,160,97.367875,96.761375,96.173500,95.617625,156.6446,9.70967e-34,yes,-1.0000,
by_flow,Sensor,ALL,mean_delay_ms,Mean delay (ms),160,160,160,160,23.194188,25.920625,30.769938,31.974688,44.3177,1.29199e-09,yes,1.0000,
by_flow,Sensor,ALL,throughput_mbps,Throughput (Mbps),160,160,160,160,5.297137,7.606306,8.929025,9.930906,83.2175,6.26214e-18,yes,1.0000,
by_flow,Sensor,ALL,p99_ms,P99 delay (ms),160,160,160,160,127.668750,168.825000,194.131250,199.306250,51.3135,4.1946e-11,yes,1.0000,
by_flow,Video,ALL,pdr_pct,PDR (%),160,160,160,160,98.037500,97.686437,97.335375,97.010063,93.0479,4.85047e-20,yes,-1.0000,
by_flow,Video,ALL,mean_delay_ms,Mean delay (ms),160,160,160,160,18.825062,19.995625,22.102812,23.191875,33.7470,2.24038e-07,yes,1.0000,
by_flow,Video,ALL,throughput_mbps,Throughput (Mbps),160,160,160,160,6.461806,10.134781,12.578988,14.187525,193.5550,1.04146e-41,yes,1.0000,
by_flow,Video,ALL,p99_ms,P99 delay (ms),160,160,160,160,108.656250,128.931250,138.250000,140.718750,20.3693,0.00014231,yes,1.0000,
by_flow_mode_lte,Control,lte,pdr_pct,PDR (%),80,80,80,80,89.144875,87.354000,82.394500,83.668250,47.6385,2.54207e-10,yes,-0.8000,
by_flow_mode_lte,Control,lte,mean_delay_ms,Mean delay (ms),80,80,80,80,28.157875,36.860125,50.508375,56.150750,91.3850,1.10421e-19,yes,1.0000,
by_flow_mode_lte,Control,lte,throughput_mbps,Throughput (Mbps),80,80,80,80,0.614013,1.178700,1.633050,2.164062,295.6816,8.55781e-64,yes,1.0000,
by_flow_mode_lte,Control,lte,p99_ms,P99 delay (ms),80,80,80,80,230.975000,384.925000,528.200000,665.962500,123.5283,1.3411e-26,yes,1.0000,
by_flow_mode_lte,Sensor,lte,pdr_pct,PDR (%),80,80,80,80,97.367500,96.604250,95.758500,95.177125,128.5837,1.09215e-27,yes,-1.0000,
by_flow_mode_lte,Sensor,lte,mean_delay_ms,Mean delay (ms),80,80,80,80,23.505625,29.844125,34.856500,39.000125,56.1076,3.98462e-12,yes,1.0000,
by_flow_mode_lte,Sensor,lte,throughput_mbps,Throughput (Mbps),80,80,80,80,5.734450,7.646212,8.518137,8.951200,25.0881,1.47993e-05,yes,1.0000,
by_flow_mode_lte,Sensor,lte,p99_ms,P99 delay (ms),80,80,80,80,129.212500,183.175000,207.050000,213.012500,37.5411,3.53491e-08,yes,1.0000,
by_flow_mode_lte,Video,lte,pdr_pct,PDR (%),80,80,80,80,98.043375,97.539375,97.081250,96.714875,72.6279,1.16792e-15,yes,-1.0000,
by_flow_mode_lte,Video,lte,mean_delay_ms,Mean delay (ms),80,80,80,80,19.263500,22.673875,25.697750,29.244750,50.7018,5.66281e-11,yes,1.0000,
by_flow_mode_lte,Video,lte,throughput_mbps,Throughput (Mbps),80,80,80,80,6.989025,10.391775,12.253063,12.954450,73.5910,7.2621e-16,yes,1.0000,
by_flow_mode_lte,Video,lte,p99_ms,P99 delay (ms),80,80,80,80,110.087500,142.475000,146.875000,153.062500,20.0445,0.000166176,yes,1.0000,
by_flow_mode_nr,Control,nr,pdr_pct,PDR (%),80,80,80,80,70.759750,69.236750,63.479500,68.327375,15.4641,0.00146005,yes,-0.8000,
by_flow_mode_nr,Control,nr,mean_delay_ms,Mean delay (ms),80,80,80,80,16.927500,16.716250,18.650250,17.084125,3.4574,0.326328,no,0.6000,
by_flow_mode_nr,Control,nr,throughput_mbps,Throughput (Mbps),80,80,80,80,0.487400,0.934238,1.258175,1.767275,280.6602,1.52399e-60,yes,1.0000,
by_flow_mode_nr,Control,nr,p99_ms,P99 delay (ms),80,80,80,80,150.275000,166.750000,184.675000,172.362500,4.1769,0.242982,no,0.8000,
by_flow_mode_nr,Sensor,nr,pdr_pct,PDR (%),80,80,80,80,97.368250,96.918500,96.588500,96.058125,45.4950,7.26213e-10,yes,-1.0000,
by_flow_mode_nr,Sensor,nr,mean_delay_ms,Mean delay (ms),80,80,80,80,22.882750,21.997125,26.683375,24.949250,9.3598,0.0248707,yes,0.6000,
by_flow_mode_nr,Sensor,nr,throughput_mbps,Throughput (Mbps),80,80,80,80,4.859825,7.566400,9.339913,10.910612,57.8301,1.70882e-12,yes,1.0000,
by_flow_mode_nr,Sensor,nr,p99_ms,P99 delay (ms),80,80,80,80,126.125000,154.475000,181.212500,185.600000,16.9692,0.000717116,yes,1.0000,
by_flow_mode_nr,Video,nr,pdr_pct,PDR (%),80,80,80,80,98.031625,97.833500,97.589500,97.305250,28.6528,2.64897e-06,yes,-1.0000,
by_flow_mode_nr,Video,nr,mean_delay_ms,Mean delay (ms),80,80,80,80,18.386625,17.317375,18.507875,17.139000,8.3754,0.0388574,yes,-0.4000,
by_flow_mode_nr,Video,nr,throughput_mbps,Throughput (Mbps),80,80,80,80,5.934588,9.877788,12.904913,15.420600,118.8467,1.36711e-25,yes,1.0000,
by_flow_mode_nr,Video,nr,p99_ms,P99 delay (ms),80,80,80,80,107.225000,115.387500,129.625000,128.375000,4.6326,0.200759,no,0.8000,
