scope,flow,numStaNodes,kpi,kpi_label,n_lte,n_nr,median_lte,median_nr,mean_lte,mean_nr,U,p_value,significant_p_lt_0.05,higher_median_mode,note
by_flow,Control,ALL,pdr_pct,PDR (%),320,320,86.650000,67.940000,85.640406,67.950844,89307.5000,1.09614e-59,yes,lte,
by_flow,Control,ALL,mean_delay_ms,Mean delay (ms),320,320,40.625000,14.985000,42.919281,17.344531,88726.0000,6.20064e-58,yes,nr,
by_flow,Control,ALL,throughput_mbps,Throughput (Mbps),320,320,1.326500,1.063500,1.397456,1.111772,65653.0000,6.42934e-10,yes,lte,
by_flow,Control,ALL,p99_ms,P99 delay (ms),320,320,446.500000,139.500000,452.515625,168.515625,84069.5000,7.27451e-45,yes,nr,
by_flow,Sensor,ALL,pdr_pct,PDR (%),320,320,96.350000,96.840000,96.226844,96.733344,39684.5000,8.49831e-07,yes,nr,
by_flow,Sensor,ALL,mean_delay_ms,Mean delay (ms),320,320,28.715000,17.385000,31.801594,24.128125,68605.0000,9.93815e-14,yes,nr,
by_flow,Sensor,ALL,throughput_mbps,Throughput (Mbps),320,320,7.277500,7.389000,7.712500,8.169187,50152.0000,0.654237,no,nr,
by_flow,Sensor,ALL,p99_ms,P99 delay (ms),320,320,164.000000,124.000000,183.112500,161.853125,58678.0000,0.00138756,yes,nr,
by_flow,Video,ALL,pdr_pct,PDR (%),320,320,97.330000,97.815000,97.344719,97.689969,41000.5000,1.29544e-05,yes,nr,
by_flow,Video,ALL,mean_delay_ms,Mean delay (ms),320,320,21.805000,12.045000,24.219969,17.837719,70906.0000,3.58992e-17,yes,nr,
by_flow,Video,ALL,throughput_mbps,Throughput (Mbps),320,320,9.313000,9.561500,10.647078,11.034472,51556.5000,0.879016,no,nr,
by_flow,Video,ALL,p99_ms,P99 delay (ms),320,320,117.500000,89.500000,138.125000,120.153125,61614.0000,8.4822e-06,yes,nr,
by_flow_sta,Control,5,pdr_pct,PDR (%),80,80,92.880000,71.885000,89.144875,70.759750,5217.5000,5.84998e-12,yes,lte,
by_flow_sta,Control,5,mean_delay_ms,Mean delay (ms),80,80,22.885000,13.825000,28.157875,16.927500,4451.0000,1.97678e-05,yes,nr,
by_flow_sta,Control,5,throughput_mbps,Throughput (Mbps),80,80,0.639500,0.495000,0.614013,0.487400,5221.0000,5.37203e-12,yes,lte,
by_flow_sta,Control,5,p99_ms,P99 delay (ms),80,80,196.500000,120.500000,230.975000,150.275000,3868.0000,0.0227257,yes,nr,
by_flow_sta,Control,10,pdr_pct,PDR (%),80,80,88.575000,68.095000,87.354000,69.236750,5718.5000,8.47292e-18,yes,lte,
by_flow_sta,Control,10,mean_delay_ms,Mean delay (ms),80,80,32.940000,14.325000,36.860125,16.716250,5584.0000,4.15396e-16,yes,nr,
by_flow_sta,Control,10,throughput_mbps,Throughput (Mbps),80,80,1.195000,0.918500,1.178700,0.934238,5717.0000,8.84685e-18,yes,lte,
by_flow_sta,Control,10,p99_ms,P99 delay (ms),80,80,328.000000,142.500000,384.925000,166.750000,5270.0000,1.63374e-12,yes,nr,
by_flow_sta,Control,15,pdr_pct,PDR (%),80,80,83.160000,64.195000,82.394500,63.479500,5875.5000,6.92753e-20,yes,lte,
by_flow_sta,Control,15,mean_delay_ms,Mean delay (ms),80,80,47.790000,14.725000,50.508375,18.650250,5946.5000,7.18055e-21,yes,nr,
by_flow_sta,Control,15,throughput_mbps,Throughput (Mbps),80,80,1.648000,1.272000,1.633050,1.258175,5874.5000,7.14534e-20,yes,lte,
by_flow_sta,Control,15,p99_ms,P99 delay (ms),80,80,589.000000,134.500000,528.200000,184.675000,5846.5000,1.71652e-19,yes,nr,
by_flow_sta,Control,20,pdr_pct,PDR (%),80,80,84.075000,68.790000,83.668250,68.327375,6073.0000,1.09558e-22,yes,lte,
by_flow_sta,Control,20,mean_delay_ms,Mean delay (ms),80,80,54.650000,15.770000,56.150750,17.084125,6361.0000,4.02558e-27,yes,nr,
by_flow_sta,Control,20,throughput_mbps,Throughput (Mbps),80,80,2.174500,1.779500,2.164062,1.767275,6072.0000,1.13251e-22,yes,lte,
by_flow_sta,Control,20,p99_ms,P99 delay (ms),80,80,689.500000,149.500000,665.962500,172.362500,6282.0000,7.27736e-26,yes,nr,
by_flow_sta,Sensor,5,pdr_pct,PDR (%),80,80,97.280000,97.500000,97.367500,97.368250,3145.0000,0.852451,no,nr,
by_flow_sta,Sensor,5,mean_delay_ms,Mean delay (ms),80,80,16.520000,13.420000,23.505625,22.882750,3654.0000,0.121712,no,nr,
by_flow_sta,Sensor,5,throughput_mbps,Throughput (Mbps),80,80,5.003000,4.097000,5.734450,4.859825,3695.0000,0.0914987,no,lte,
by_flow_sta,Sensor,5,p99_ms,P99 delay (ms),80,80,103.500000,99.500000,129.212500,126.125000,3412.5000,0.469361,no,nr,
by_flow_sta,Sensor,10,pdr_pct,PDR (%),80,80,96.635000,97.065000,96.604250,96.918500,2453.0000,0.0108462,yes,nr,
by_flow_sta,Sensor,10,mean_delay_ms,Mean delay (ms),80,80,23.410000,15.750000,29.844125,21.997125,4472.5000,1.41922e-05,yes,nr,
by_flow_sta,Sensor,10,throughput_mbps,Throughput (Mbps),80,80,7.199500,6.745500,7.646212,7.566400,3349.0000,0.612313,no,lte,
by_flow_sta,Sensor,10,p99_ms,P99 delay (ms),80,80,152.000000,117.000000,183.175000,154.475000,3772.0000,0.0511327,no,nr,
by_flow_sta,Sensor,15,pdr_pct,PDR (%),80,80,95.975000,96.785000,95.758500,96.588500,1989.5000,3.63729e-05,yes,nr,
by_flow_sta,Sensor,15,mean_delay_ms,Mean delay (ms),80,80,30.700000,17.585000,34.856500,26.683375,4479.5000,1.27267e-05,yes,nr,
by_flow_sta,Sensor,15,throughput_mbps,Throughput (Mbps),80,80,7.441000,8.787500,8.518137,9.339913,2991.5000,0.477813,no,nr,
by_flow_sta,Sensor,15,p99_ms,P99 delay (ms),80,80,185.000000,146.000000,207.050000,181.212500,3781.0000,0.0475821,yes,nr,
by_flow_sta,Sensor,20,pdr_pct,PDR (%),80,80,95.190000,96.100000,95.177125,96.058125,1834.0000,3.16091e-06,yes,nr,
by_flow_sta,Sensor,20,mean_delay_ms,Mean delay (ms),80,80,33.950000,19.270000,39.000125,24.949250,4996.0000,8.93515e-10,yes,nr,
by_flow_sta,Sensor,20,throughput_mbps,Throughput (Mbps),80,80,8.828500,10.402500,8.951200,10.910612,2564.0000,0.030104,yes,nr,
by_flow_sta,Sensor,20,p99_ms,P99 delay (ms),80,80,196.500000,161.000000,213.012500,185.600000,3754.0000,0.0588947,no,nr,
by_flow_sta,Video,5,pdr_pct,PDR (%),80,80,98.330000,98.385000,98.043375,98.031625,3205.0000,0.987747,no,nr,
by_flow_sta,Video,5,mean_delay_ms,Mean delay (ms),80,80,13.075000,9.035000,19.263500,18.386625,3810.5000,0.0373692,yes,nr,
by_flow_sta,Video,5,throughput_mbps,Throughput (Mbps),80,80,5.334500,5.014000,6.989025,5.934588,3896.0000,0.0176212,yes,lte,
by_flow_sta,Video,5,p99_ms,P99 delay (ms),80,80,96.000000,68.500000,110.087500,107.225000,3484.0000,0.333247,no,nr,
by_flow_sta,Video,10,pdr_pct,PDR (%),80,80,97.715000,97.990000,97.539375,97.833500,2513.5000,0.0192247,yes,nr,
by_flow_sta,Video,10,mean_delay_ms,Mean delay (ms),80,80,19.700000,11.555000,22.673875,17.317375,4445.0000,2.16634e-05,yes,nr,
by_flow_sta,Video,10,throughput_mbps,Throughput (Mbps),80,80,8.478500,8.200500,10.391775,9.877788,3550.0000,0.232983,no,lte,
by_flow_sta,Video,10,p99_ms,P99 delay (ms),80,80,118.000000,84.000000,142.475000,115.387500,4006.5000,0.00594664,yes,nr,
by_flow_sta,Video,15,pdr_pct,PDR (%),80,80,97.125000,97.840000,97.081250,97.589500,2200.5000,0.000651303,yes,nr,
by_flow_sta,Video,15,mean_delay_ms,Mean delay (ms),80,80,25.030000,12.860000,25.697750,18.507875,4709.0000,2.63344e-07,yes,nr,
by_flow_sta,Video,15,throughput_mbps,Throughput (Mbps),80,80,9.793000,10.963000,12.253063,12.904913,3154.5000,0.87795,no,nr,
by_flow_sta,Video,15,p99_ms,P99 delay (ms),80,80,126.000000,100.000000,146.875000,129.625000,3957.5000,0.00978127,yes,nr,
by_flow_sta,Video,20,pdr_pct,PDR (%),80,80,96.815000,97.395000,96.714875,97.305250,1905.5000,1.00487e-05,yes,nr,
by_flow_sta,Video,20,mean_delay_ms,Mean delay (ms),80,80,27.415000,13.220000,29.244750,17.139000,5337.5000,3.03645e-13,yes,nr,
by_flow_sta,Video,20,throughput_mbps,Throughput (Mbps),80,80,10.641500,13.181500,12.954450,15.420600,2441.0000,0.00964031,yes,nr,
by_flow_sta,Video,20,p99_ms,P99 delay (ms),80,80,131.000000,103.000000,153.062500,128.375000,4032.5000,0.00451996,yes,nr,
