scenario,robot_type,mobility_model,cellular_mode,sta,payload,speed,seed,status,elapsed_sec,switch_events,errors
Waypoint_outputs/gaussmarkov_baseline/lte_sta5_10kb_spd2.0_seed7,n/a,gaussmarkov,lte,5,10kb,2.0,7,ok,40.9,4,
Waypoint_outputs/gaussmarkov_baseline/lte_sta5_10kb_spd0.5_seed7,n/a,gaussmarkov,lte,5,10kb,0.5,7,ok,45.6,3,
Waypoint_outputs/gaussmarkov_baseline/lte_sta5_10kb_spd0.5_seed9,n/a,gaussmarkov,lte,5,10kb,0.5,9,ok,46.5,3,
Waypoint_outputs/gaussmarkov_baseline/lte_sta5_10kb_spd2.0_seed8,n/a,gaussmarkov,lte,5,10kb,2.0,8,ok,53.0,5,
Waypoint_outputs/gaussmarkov_baseline/lte_sta5_10kb_spd0.5_seed8,n/a,gaussmarkov,lte,5,10kb,0.5,8,ok,63.5,1,
Waypoint_outputs/gaussmarkov_baseline/lte_sta5_10kb_spd2.0_seed9,n/a,gaussmarkov,lte,5,10kb,2.0,9,ok,41.2,3,
Waypoint_outputs/gaussmarkov_baseline/lte_sta5_10kb_spd5.0_seed8,n/a,gaussmarkov,lte,5,10kb,5.0,8,ok,37.2,5,
Waypoint_outputs/gaussmarkov_baseline/lte_sta5_10kb_spd5.0_seed7,n/a,gaussmarkov,lte,5,10kb,5.0,7,ok,40.7,4,
Waypoint_outputs/gaussmarkov_baseline/lte_sta5_10kb_spd5.0_seed9,n/a,gaussmarkov,lte,5,10kb,5.0,9,ok,38.9,4,
Waypoint_outputs/gaussmarkov_baseline/lte_sta5_50kb_spd0.5_seed7,n/a,gaussmarkov,lte,5,50kb,0.5,7,ok,45.9,3,
Waypoint_outputs/gaussmarkov_baseline/lte_sta5_50kb_spd2.0_seed7,n/a,gaussmarkov,lte,5,50kb,2.0,7,ok,41.2,4,
Waypoint_outputs/gaussmarkov_baseline/lte_sta5_50kb_spd0.5_seed9,n/a,gaussmarkov,lte,5,50kb,0.5,9,ok,46.5,3,
Waypoint_outputs/gaussmarkov_baseline/lte_sta5_50kb_spd0.5_seed8,n/a,gaussmarkov,lte,5,50kb,0.5,8,ok,65.2,1,
Waypoint_outputs/gaussmarkov_baseline/lte_sta5_50kb_spd2.0_seed8,n/a,gaussmarkov,lte,5,50kb,2.0,8,ok,55.2,5,
Waypoint_outputs/gaussmarkov_baseline/lte_sta5_50kb_spd2.0_seed9,n/a,gaussmarkov,lte,5,50kb,2.0,9,ok,43.2,3,
Waypoint_outputs/gaussmarkov_baseline/lte_sta5_50kb_spd5.0_seed7,n/a,gaussmarkov,lte,5,50kb,5.0,7,ok,38.9,4,
Waypoint_outputs/gaussmarkov_baseline/lte_sta5_50kb_spd5.0_seed8,n/a,gaussmarkov,lte,5,50kb,5.0,8,ok,36.4,5,
Waypoint_outputs/gaussmarkov_baseline/lte_sta5_50kb_spd5.0_seed9,n/a,gaussmarkov,lte,5,50kb,5.0,9,ok,38.2,4,
Waypoint_outputs/gaussmarkov_baseline/lte_sta5_1mb_spd0.5_seed8,n/a,gaussmarkov,lte,5,1mb,0.5,8,ok,38.0,5,
Waypoint_outputs/gaussmarkov_baseline/lte_sta5_1mb_spd0.5_seed7,n/a,gaussmarkov,lte,5,1mb,0.5,7,ok,45.3,4,
Waypoint_outputs/gaussmarkov_baseline/lte_sta5_1mb_spd0.5_seed9,n/a,gaussmarkov,lte,5,1mb,0.5,9,ok,36.5,5,
Waypoint_outputs/gaussmarkov_baseline/lte_sta5_1mb_spd2.0_seed7,n/a,gaussmarkov,lte,5,1mb,2.0,7,ok,45.0,4,
Waypoint_outputs/gaussmarkov_baseline/lte_sta5_1mb_spd2.0_seed8,n/a,gaussmarkov,lte,5,1mb,2.0,8,ok,40.5,5,
Waypoint_outputs/gaussmarkov_baseline/lte_sta5_1mb_spd2.0_seed9,n/a,gaussmarkov,lte,5,1mb,2.0,9,ok,35.7,4,
Waypoint_outputs/gaussmarkov_baseline/lte_sta5_1mb_spd5.0_seed7,n/a,gaussmarkov,lte,5,1mb,5.0,7,ok,46.6,4,
Waypoint_outputs/gaussmarkov_baseline/lte_sta5_1mb_spd5.0_seed8,n/a,gaussmarkov,lte,5,1mb,5.0,8,ok,41.0,5,
Waypoint_outputs/gaussmarkov_baseline/lte_sta5_1mb_spd5.0_seed9,n/a,gaussmarkov,lte,5,1mb,5.0,9,ok,46.8,4,
Waypoint_outputs/gaussmarkov_baseline/lte_sta10_10kb_spd0.5_seed7,n/a,gaussmarkov,lte,10,10kb,0.5,7,ok,78.8,8,
Waypoint_outputs/gaussmarkov_baseline/lte_sta10_10kb_spd2.0_seed7,n/a,gaussmarkov,lte,10,10kb,2.0,7,ok,75.7,8,
Waypoint_outputs/gaussmarkov_baseline/lte_sta10_10kb_spd0.5_seed8,n/a,gaussmarkov,lte,10,10kb,0.5,8,ok,115.6,5,
Waypoint_outputs/gaussmarkov_baseline/lte_sta10_10kb_spd0.5_seed9,n/a,gaussmarkov,lte,10,10kb,0.5,9,ok,111.2,6,
Waypoint_outputs/gaussmarkov_baseline/lte_sta10_10kb_spd2.0_seed8,n/a,gaussmarkov,lte,10,10kb,2.0,8,ok,88.7,8,
Waypoint_outputs/gaussmarkov_baseline/lte_sta10_10kb_spd2.0_seed9,n/a,gaussmarkov,lte,10,10kb,2.0,9,ok,81.9,9,
Waypoint_outputs/gaussmarkov_baseline/lte_sta10_10kb_spd5.0_seed7,n/a,gaussmarkov,lte,10,10kb,5.0,7,ok,70.2,9,
Waypoint_outputs/gaussmarkov_baseline/lte_sta10_10kb_spd5.0_seed8,n/a,gaussmarkov,lte,10,10kb,5.0,8,ok,65.6,10,
Waypoint_outputs/gaussmarkov_baseline/lte_sta10_10kb_spd5.0_seed9,n/a,gaussmarkov,lte,10,10kb,5.0,9,ok,75.7,9,
Waypoint_outputs/gaussmarkov_baseline/lte_sta10_50kb_spd0.5_seed7,n/a,gaussmarkov,lte,10,50kb,0.5,7,ok,79.7,8,
Waypoint_outputs/gaussmarkov_baseline/lte_sta10_50kb_spd2.0_seed7,n/a,gaussmarkov,lte,10,50kb,2.0,7,ok,78.5,8,
Waypoint_outputs/gaussmarkov_baseline/lte_sta10_50kb_spd0.5_seed8,n/a,gaussmarkov,lte,10,50kb,0.5,8,ok,115.5,5,
Waypoint_outputs/gaussmarkov_baseline/lte_sta10_50kb_spd2.0_seed8,n/a,gaussmarkov,lte,10,50kb,2.0,8,ok,86.9,8,
Waypoint_outputs/gaussmarkov_baseline/lte_sta10_50kb_spd0.5_seed9,n/a,gaussmarkov,lte,10,50kb,0.5,9,ok,112.5,6,
Waypoint_outputs/gaussmarkov_baseline/lte_sta10_50kb_spd2.0_seed9,n/a,gaussmarkov,lte,10,50kb,2.0,9,ok,84.4,9,
Waypoint_outputs/gaussmarkov_baseline/lte_sta10_50kb_spd5.0_seed7,n/a,gaussmarkov,lte,10,50kb,5.0,7,ok,73.1,9,
Waypoint_outputs/gaussmarkov_baseline/lte_sta10_50kb_spd5.0_seed8,n/a,gaussmarkov,lte,10,50kb,5.0,8,ok,72.8,10,
Waypoint_outputs/gaussmarkov_baseline/lte_sta10_50kb_spd5.0_seed9,n/a,gaussmarkov,lte,10,50kb,5.0,9,ok,84.6,9,
Waypoint_outputs/gaussmarkov_baseline/lte_sta10_1mb_spd0.5_seed7,n/a,gaussmarkov,lte,10,1mb,0.5,7,ok,90.8,10,
Waypoint_outputs/gaussmarkov_baseline/lte_sta10_1mb_spd0.5_seed8,n/a,gaussmarkov,lte,10,1mb,0.5,8,ok,99.7,8,
Waypoint_outputs/gaussmarkov_baseline/lte_sta10_1mb_spd0.5_seed9,n/a,gaussmarkov,lte,10,1mb,0.5,9,ok,104.7,8,
Waypoint_outputs/gaussmarkov_baseline/lte_sta10_1mb_spd2.0_seed7,n/a,gaussmarkov,lte,10,1mb,2.0,7,ok,88.8,8,
Waypoint_outputs/gaussmarkov_baseline/lte_sta10_1mb_spd2.0_seed8,n/a,gaussmarkov,lte,10,1mb,2.0,8,ok,93.3,9,
Waypoint_outputs/gaussmarkov_baseline/lte_sta10_1mb_spd2.0_seed9,n/a,gaussmarkov,lte,10,1mb,2.0,9,ok,97.0,10,
Waypoint_outputs/gaussmarkov_baseline/lte_sta10_1mb_spd5.0_seed7,n/a,gaussmarkov,lte,10,1mb,5.0,7,ok,99.5,9,
Waypoint_outputs/gaussmarkov_baseline/lte_sta10_1mb_spd5.0_seed8,n/a,gaussmarkov,lte,10,1mb,5.0,8,ok,87.6,10,
Waypoint_outputs/gaussmarkov_baseline/lte_sta10_1mb_spd5.0_seed9,n/a,gaussmarkov,lte,10,1mb,5.0,9,ok,91.8,10,
Waypoint_outputs/gaussmarkov_baseline/lte_sta15_10kb_spd0.5_seed9,n/a,gaussmarkov,lte,15,10kb,0.5,9,ok,164.3,9,
Waypoint_outputs/gaussmarkov_baseline/lte_sta15_10kb_spd0.5_seed7,n/a,gaussmarkov,lte,15,10kb,0.5,7,ok,207.3,5,
Waypoint_outputs/gaussmarkov_baseline/lte_sta15_10kb_spd0.5_seed8,n/a,gaussmarkov,lte,15,10kb,0.5,8,ok,207.6,6,
Waypoint_outputs/gaussmarkov_baseline/lte_sta15_10kb_spd2.0_seed8,n/a,gaussmarkov,lte,15,10kb,2.0,8,ok,164.1,11,
Waypoint_outputs/gaussmarkov_baseline/lte_sta15_10kb_spd2.0_seed7,n/a,gaussmarkov,lte,15,10kb,2.0,7,ok,168.7,12,
Waypoint_outputs/gaussmarkov_baseline/lte_sta15_10kb_spd2.0_seed9,n/a,gaussmarkov,lte,15,10kb,2.0,9,ok,122.1,14,
Waypoint_outputs/gaussmarkov_baseline/lte_sta15_10kb_spd5.0_seed7,n/a,gaussmarkov,lte,15,10kb,5.0,7,ok,122.3,14,
Waypoint_outputs/gaussmarkov_baseline/lte_sta15_10kb_spd5.0_seed9,n/a,gaussmarkov,lte,15,10kb,5.0,9,ok,92.2,15,
Waypoint_outputs/gaussmarkov_baseline/lte_sta15_10kb_spd5.0_seed8,n/a,gaussmarkov,lte,15,10kb,5.0,8,ok,128.5,14,
Waypoint_outputs/gaussmarkov_baseline/lte_sta15_50kb_spd0.5_seed7,n/a,gaussmarkov,lte,15,50kb,0.5,7,ok,198.9,5,
Waypoint_outputs/gaussmarkov_baseline/lte_sta15_50kb_spd0.5_seed9,n/a,gaussmarkov,lte,15,50kb,0.5,9,ok,165.2,9,
Waypoint_outputs/gaussmarkov_baseline/lte_sta15_50kb_spd2.0_seed8,n/a,gaussmarkov,lte,15,50kb,2.0,8,ok,164.3,11,
Waypoint_outputs/gaussmarkov_baseline/lte_sta15_50kb_spd2.0_seed7,n/a,gaussmarkov,lte,15,50kb,2.0,7,ok,169.7,12,
Waypoint_outputs/gaussmarkov_baseline/lte_sta15_50kb_spd0.5_seed8,n/a,gaussmarkov,lte,15,50kb,0.5,8,ok,201.2,6,
Waypoint_outputs/gaussmarkov_baseline/lte_sta15_50kb_spd2.0_seed9,n/a,gaussmarkov,lte,15,50kb,2.0,9,ok,122.4,14,
Waypoint_outputs/gaussmarkov_baseline/lte_sta15_50kb_spd5.0_seed9,n/a,gaussmarkov,lte,15,50kb,5.0,9,ok,91.9,15,
Waypoint_outputs/gaussmarkov_baseline/lte_sta15_50kb_spd5.0_seed7,n/a,gaussmarkov,lte,15,50kb,5.0,7,ok,121.7,14,
Waypoint_outputs/gaussmarkov_baseline/lte_sta15_50kb_spd5.0_seed8,n/a,gaussmarkov,lte,15,50kb,5.0,8,ok,133.8,14,
Waypoint_outputs/gaussmarkov_baseline/lte_sta15_1mb_spd0.5_seed8,n/a,gaussmarkov,lte,15,1mb,0.5,8,ok,127.1,13,
Waypoint_outputs/gaussmarkov_baseline/lte_sta15_1mb_spd0.5_seed7,n/a,gaussmarkov,lte,15,1mb,0.5,7,ok,185.1,10,
Waypoint_outputs/gaussmarkov_baseline/lte_sta15_1mb_spd0.5_seed9,n/a,gaussmarkov,lte,15,1mb,0.5,9,ok,155.3,12,
Waypoint_outputs/gaussmarkov_baseline/lte_sta15_1mb_spd2.0_seed8,n/a,gaussmarkov,lte,15,1mb,2.0,8,ok,120.8,14,
Waypoint_outputs/gaussmarkov_baseline/lte_sta15_1mb_spd2.0_seed7,n/a,gaussmarkov,lte,15,1mb,2.0,7,ok,178.2,13,
Waypoint_outputs/gaussmarkov_baseline/lte_sta15_1mb_spd2.0_seed9,n/a,gaussmarkov,lte,15,1mb,2.0,9,ok,120.9,14,
Waypoint_outputs/gaussmarkov_baseline/lte_sta15_1mb_spd5.0_seed7,n/a,gaussmarkov,lte,15,1mb,5.0,7,ok,134.6,15,
Waypoint_outputs/gaussmarkov_baseline/lte_sta15_1mb_spd5.0_seed8,n/a,gaussmarkov,lte,15,1mb,5.0,8,ok,106.7,15,
Waypoint_outputs/gaussmarkov_baseline/lte_sta15_1mb_spd5.0_seed9,n/a,gaussmarkov,lte,15,1mb,5.0,9,ok,114.4,15,
Waypoint_outputs/gaussmarkov_baseline/nr_sta5_10kb_spd0.5_seed8,n/a,gaussmarkov,nr,5,10kb,0.5,8,ok,114.8,1,
Waypoint_outputs/gaussmarkov_baseline/nr_sta5_10kb_spd0.5_seed7,n/a,gaussmarkov,nr,5,10kb,0.5,7,ok,158.8,3,
Waypoint_outputs/gaussmarkov_baseline/nr_sta5_10kb_spd0.5_seed9,n/a,gaussmarkov,nr,5,10kb,0.5,9,ok,153.1,3,
Waypoint_outputs/gaussmarkov_baseline/nr_sta5_10kb_spd2.0_seed9,n/a,gaussmarkov,nr,5,10kb,2.0,9,ok,101.4,3,
Waypoint_outputs/gaussmarkov_baseline/nr_sta5_10kb_spd2.0_seed7,n/a,gaussmarkov,nr,5,10kb,2.0,7,ok,149.3,4,
Waypoint_outputs/gaussmarkov_baseline/nr_sta5_10kb_spd5.0_seed7,n/a,gaussmarkov,nr,5,10kb,5.0,7,ok,107.8,4,
Waypoint_outputs/gaussmarkov_baseline/nr_sta5_10kb_spd2.0_seed8,n/a,gaussmarkov,nr,5,10kb,2.0,8,ok,160.9,5,
Waypoint_outputs/gaussmarkov_baseline/nr_sta5_10kb_spd5.0_seed8,n/a,gaussmarkov,nr,5,10kb,5.0,8,ok,158.3,5,
Waypoint_outputs/gaussmarkov_baseline/nr_sta5_10kb_spd5.0_seed9,n/a,gaussmarkov,nr,5,10kb,5.0,9,ok,128.0,4,
Waypoint_outputs/gaussmarkov_baseline/nr_sta5_50kb_spd0.5_seed8,n/a,gaussmarkov,nr,5,50kb,0.5,8,ok,115.7,1,
Waypoint_outputs/gaussmarkov_baseline/nr_sta5_50kb_spd0.5_seed7,n/a,gaussmarkov,nr,5,50kb,0.5,7,ok,162.0,3,
Waypoint_outputs/gaussmarkov_baseline/nr_sta5_50kb_spd0.5_seed9,n/a,gaussmarkov,nr,5,50kb,0.5,9,ok,157.9,3,
Waypoint_outputs/gaussmarkov_baseline/nr_sta5_50kb_spd2.0_seed9,n/a,gaussmarkov,nr,5,50kb,2.0,9,ok,107.1,3,
Waypoint_outputs/gaussmarkov_baseline/nr_sta5_50kb_spd2.0_seed7,n/a,gaussmarkov,nr,5,50kb,2.0,7,ok,154.8,4,
Waypoint_outputs/gaussmarkov_baseline/nr_sta5_50kb_spd5.0_seed7,n/a,gaussmarkov,nr,5,50kb,5.0,7,ok,114.0,4,
Waypoint_outputs/gaussmarkov_baseline/nr_sta5_50kb_spd2.0_seed8,n/a,gaussmarkov,nr,5,50kb,2.0,8,ok,170.2,5,
Waypoint_outputs/gaussmarkov_baseline/nr_sta5_50kb_spd5.0_seed8,n/a,gaussmarkov,nr,5,50kb,5.0,8,ok,159.7,5,
Waypoint_outputs/gaussmarkov_baseline/nr_sta5_50kb_spd5.0_seed9,n/a,gaussmarkov,nr,5,50kb,5.0,9,ok,132.5,4,
Waypoint_outputs/gaussmarkov_baseline/nr_sta5_1mb_spd0.5_seed7,n/a,gaussmarkov,nr,5,1mb,0.5,7,ok,186.1,4,
Waypoint_outputs/gaussmarkov_baseline/nr_sta5_1mb_spd0.5_seed8,n/a,gaussmarkov,nr,5,1mb,0.5,8,ok,216.4,5,
Waypoint_outputs/gaussmarkov_baseline/nr_sta5_1mb_spd0.5_seed9,n/a,gaussmarkov,nr,5,1mb,0.5,9,ok,203.2,5,
Waypoint_outputs/gaussmarkov_baseline/nr_sta5_1mb_spd2.0_seed7,n/a,gaussmarkov,nr,5,1mb,2.0,7,ok,172.4,4,
Waypoint_outputs/gaussmarkov_baseline/nr_sta5_1mb_spd2.0_seed9,n/a,gaussmarkov,nr,5,1mb,2.0,9,ok,128.0,4,
Waypoint_outputs/gaussmarkov_baseline/nr_sta5_1mb_spd5.0_seed7,n/a,gaussmarkov,nr,5,1mb,5.0,7,ok,135.5,4,
Waypoint_outputs/gaussmarkov_baseline/nr_sta5_1mb_spd2.0_seed8,n/a,gaussmarkov,nr,5,1mb,2.0,8,ok,270.6,5,
Waypoint_outputs/gaussmarkov_baseline/nr_sta5_1mb_spd5.0_seed9,n/a,gaussmarkov,nr,5,1mb,5.0,9,ok,143.8,5,
Waypoint_outputs/gaussmarkov_baseline/nr_sta5_1mb_spd5.0_seed8,n/a,gaussmarkov,nr,5,1mb,5.0,8,ok,200.6,5,
Waypoint_outputs/gaussmarkov_baseline/nr_sta10_10kb_spd0.5_seed8,n/a,gaussmarkov,nr,10,10kb,0.5,8,ok,372.6,5,
Waypoint_outputs/gaussmarkov_baseline/nr_sta10_10kb_spd0.5_seed9,n/a,gaussmarkov,nr,10,10kb,0.5,9,ok,395.9,6,
Waypoint_outputs/gaussmarkov_baseline/nr_sta10_10kb_spd2.0_seed7,n/a,gaussmarkov,nr,10,10kb,2.0,7,ok,483.0,8,
Waypoint_outputs/gaussmarkov_baseline/nr_sta10_10kb_spd0.5_seed7,n/a,gaussmarkov,nr,10,10kb,0.5,7,ok,579.5,8,
Waypoint_outputs/gaussmarkov_baseline/nr_sta10_10kb_spd2.0_seed8,n/a,gaussmarkov,nr,10,10kb,2.0,8,ok,485.1,8,
Waypoint_outputs/gaussmarkov_baseline/nr_sta10_10kb_spd2.0_seed9,n/a,gaussmarkov,nr,10,10kb,2.0,9,ok,508.8,9,
Waypoint_outputs/gaussmarkov_baseline/nr_sta10_10kb_spd5.0_seed7,n/a,gaussmarkov,nr,10,10kb,5.0,7,ok,497.3,9,
Waypoint_outputs/gaussmarkov_baseline/nr_sta10_10kb_spd5.0_seed9,n/a,gaussmarkov,nr,10,10kb,5.0,9,ok,442.8,9,
Waypoint_outputs/gaussmarkov_baseline/nr_sta10_10kb_spd5.0_seed8,n/a,gaussmarkov,nr,10,10kb,5.0,8,ok,497.9,10,
Waypoint_outputs/gaussmarkov_baseline/nr_sta10_50kb_spd0.5_seed7,n/a,gaussmarkov,nr,10,50kb,0.5,7,ok,589.0,8,
Waypoint_outputs/gaussmarkov_baseline/nr_sta10_50kb_spd0.5_seed8,n/a,gaussmarkov,nr,10,50kb,0.5,8,ok,380.9,5,
Waypoint_outputs/gaussmarkov_baseline/nr_sta10_50kb_spd0.5_seed9,n/a,gaussmarkov,nr,10,50kb,0.5,9,ok,455.3,6,
Waypoint_outputs/gaussmarkov_baseline/nr_sta10_50kb_spd2.0_seed7,n/a,gaussmarkov,nr,10,50kb,2.0,7,ok,499.9,8,
Waypoint_outputs/gaussmarkov_baseline/nr_sta10_50kb_spd2.0_seed8,n/a,gaussmarkov,nr,10,50kb,2.0,8,ok,516.8,8,
Waypoint_outputs/gaussmarkov_baseline/nr_sta10_50kb_spd2.0_seed9,n/a,gaussmarkov,nr,10,50kb,2.0,9,ok,516.1,9,
Waypoint_outputs/gaussmarkov_baseline/nr_sta10_50kb_spd5.0_seed7,n/a,gaussmarkov,nr,10,50kb,5.0,7,ok,509.0,9,
Waypoint_outputs/gaussmarkov_baseline/nr_sta10_50kb_spd5.0_seed8,n/a,gaussmarkov,nr,10,50kb,5.0,8,ok,524.5,10,
Waypoint_outputs/gaussmarkov_baseline/nr_sta10_50kb_spd5.0_seed9,n/a,gaussmarkov,nr,10,50kb,5.0,9,ok,458.3,9,
Waypoint_outputs/gaussmarkov_baseline/nr_sta10_1mb_spd0.5_seed8,n/a,gaussmarkov,nr,10,1mb,0.5,8,ok,502.8,8,
Waypoint_outputs/gaussmarkov_baseline/nr_sta10_1mb_spd0.5_seed7,n/a,gaussmarkov,nr,10,1mb,0.5,7,ok,723.3,10,
Waypoint_outputs/gaussmarkov_baseline/nr_sta10_1mb_spd0.5_seed9,n/a,gaussmarkov,nr,10,1mb,0.5,9,ok,588.4,8,
Waypoint_outputs/gaussmarkov_baseline/nr_sta10_1mb_spd2.0_seed8,n/a,gaussmarkov,nr,10,1mb,2.0,8,ok,582.9,9,
Waypoint_outputs/gaussmarkov_baseline/nr_sta10_1mb_spd2.0_seed7,n/a,gaussmarkov,nr,10,1mb,2.0,7,ok,665.1,9,
Waypoint_outputs/gaussmarkov_baseline/nr_sta10_1mb_spd5.0_seed7,n/a,gaussmarkov,nr,10,1mb,5.0,7,ok,509.6,10,
Waypoint_outputs/gaussmarkov_baseline/nr_sta10_1mb_spd2.0_seed9,n/a,gaussmarkov,nr,10,1mb,2.0,9,ok,624.7,10,
Waypoint_outputs/gaussmarkov_baseline/nr_sta10_1mb_spd5.0_seed8,n/a,gaussmarkov,nr,10,1mb,5.0,8,ok,581.7,10,
Waypoint_outputs/gaussmarkov_baseline/nr_sta10_1mb_spd5.0_seed9,n/a,gaussmarkov,nr,10,1mb,5.0,9,ok,508.2,10,
Waypoint_outputs/gaussmarkov_baseline/nr_sta15_10kb_spd0.5_seed7,n/a,gaussmarkov,nr,15,10kb,0.5,7,ok,687.4,5,
Waypoint_outputs/gaussmarkov_baseline/nr_sta15_10kb_spd0.5_seed8,n/a,gaussmarkov,nr,15,10kb,0.5,8,ok,614.0,6,
Waypoint_outputs/gaussmarkov_baseline/nr_sta15_10kb_spd0.5_seed9,n/a,gaussmarkov,nr,15,10kb,0.5,9,ok,807.2,9,
Waypoint_outputs/gaussmarkov_baseline/nr_sta15_10kb_spd2.0_seed7,n/a,gaussmarkov,nr,15,10kb,2.0,7,ok,755.3,12,
Waypoint_outputs/gaussmarkov_baseline/nr_sta15_10kb_spd2.0_seed8,n/a,gaussmarkov,nr,15,10kb,2.0,8,ok,690.5,11,
Waypoint_outputs/gaussmarkov_baseline/nr_sta15_10kb_spd2.0_seed9,n/a,gaussmarkov,nr,15,10kb,2.0,9,ok,834.3,14,
Waypoint_outputs/gaussmarkov_baseline/nr_sta15_10kb_spd5.0_seed7,n/a,gaussmarkov,nr,15,10kb,5.0,7,ok,800.4,14,
Waypoint_outputs/gaussmarkov_baseline/nr_sta15_10kb_spd5.0_seed8,n/a,gaussmarkov,nr,15,10kb,5.0,8,ok,751.9,14,
Waypoint_outputs/gaussmarkov_baseline/nr_sta15_50kb_spd0.5_seed7,n/a,gaussmarkov,nr,15,50kb,0.5,7,ok,691.4,5,
Waypoint_outputs/gaussmarkov_baseline/nr_sta15_10kb_spd5.0_seed9,n/a,gaussmarkov,nr,15,10kb,5.0,9,ok,723.2,15,
Waypoint_outputs/gaussmarkov_baseline/nr_sta15_50kb_spd0.5_seed8,n/a,gaussmarkov,nr,15,50kb,0.5,8,ok,625.8,6,
Waypoint_outputs/gaussmarkov_baseline/nr_sta15_50kb_spd0.5_seed9,n/a,gaussmarkov,nr,15,50kb,0.5,9,ok,835.2,9,
Waypoint_outputs/gaussmarkov_baseline/nr_sta15_50kb_spd2.0_seed7,n/a,gaussmarkov,nr,15,50kb,2.0,7,ok,803.9,12,
Waypoint_outputs/gaussmarkov_baseline/nr_sta15_50kb_spd2.0_seed8,n/a,gaussmarkov,nr,15,50kb,2.0,8,ok,747.7,11,
Waypoint_outputs/gaussmarkov_baseline/nr_sta15_50kb_spd2.0_seed9,n/a,gaussmarkov,nr,15,50kb,2.0,9,ok,880.2,14,
Waypoint_outputs/gaussmarkov_baseline/nr_sta15_50kb_spd5.0_seed7,n/a,gaussmarkov,nr,15,50kb,5.0,7,ok,851.7,14,
Waypoint_outputs/gaussmarkov_baseline/nr_sta15_50kb_spd5.0_seed8,n/a,gaussmarkov,nr,15,50kb,5.0,8,ok,784.8,14,
Waypoint_outputs/gaussmarkov_baseline/nr_sta15_50kb_spd5.0_seed9,n/a,gaussmarkov,nr,15,50kb,5.0,9,ok,767.2,15,
Waypoint_outputs/gaussmarkov_baseline/nr_sta15_1mb_spd0.5_seed7,n/a,gaussmarkov,nr,15,1mb,0.5,7,ok,1135.2,10,
Waypoint_outputs/gaussmarkov_baseline/nr_sta15_1mb_spd0.5_seed8,n/a,gaussmarkov,nr,15,1mb,0.5,8,ok,1131.8,12,
Waypoint_outputs/gaussmarkov_baseline/nr_sta15_1mb_spd2.0_seed8,n/a,gaussmarkov,nr,15,1mb,2.0,8,ok,890.3,14,
Waypoint_outputs/gaussmarkov_baseline/nr_sta15_1mb_spd0.5_seed9,n/a,gaussmarkov,nr,15,1mb,0.5,9,ok,1261.1,12,
Waypoint_outputs/gaussmarkov_baseline/nr_sta15_1mb_spd2.0_seed7,n/a,gaussmarkov,nr,15,1mb,2.0,7,ok,1206.6,13,
Waypoint_outputs/patrol/lte_sta5_10kb_spd0.5_seed7,patrol,waypoint,lte,5,10kb,0.5,7,ok,0.0,3,skipped-existing
Waypoint_outputs/patrol/lte_sta5_10kb_spd0.5_seed8,patrol,waypoint,lte,5,10kb,0.5,8,ok,49.9,2,
Waypoint_outputs/patrol/lte_sta5_10kb_spd0.5_seed9,patrol,waypoint,lte,5,10kb,0.5,9,ok,44.7,3,
Waypoint_outputs/patrol/lte_sta5_10kb_spd2.0_seed7,patrol,waypoint,lte,5,10kb,2.0,7,ok,46.1,3,
Waypoint_outputs/patrol/lte_sta5_10kb_spd2.0_seed8,patrol,waypoint,lte,5,10kb,2.0,8,ok,52.6,3,
Waypoint_outputs/patrol/lte_sta5_10kb_spd2.0_seed9,patrol,waypoint,lte,5,10kb,2.0,9,ok,47.0,3,
Waypoint_outputs/patrol/lte_sta5_10kb_spd5.0_seed7,patrol,waypoint,lte,5,10kb,5.0,7,ok,44.5,3,
Waypoint_outputs/gaussmarkov_baseline/nr_sta15_1mb_spd2.0_seed9,n/a,gaussmarkov,nr,15,1mb,2.0,9,ok,1085.8,14,
Waypoint_outputs/patrol/lte_sta5_10kb_spd5.0_seed8,patrol,waypoint,lte,5,10kb,5.0,8,ok,56.1,2,
Waypoint_outputs/patrol/lte_sta5_10kb_spd5.0_seed9,patrol,waypoint,lte,5,10kb,5.0,9,ok,49.3,3,
Waypoint_outputs/patrol/lte_sta5_50kb_spd0.5_seed7,patrol,waypoint,lte,5,50kb,0.5,7,ok,44.7,3,
Waypoint_outputs/gaussmarkov_baseline/nr_sta15_1mb_spd5.0_seed7,n/a,gaussmarkov,nr,15,1mb,5.0,7,ok,1049.2,15,
Waypoint_outputs/patrol/lte_sta5_50kb_spd0.5_seed8,patrol,waypoint,lte,5,50kb,0.5,8,ok,49.2,2,
Waypoint_outputs/patrol/lte_sta5_50kb_spd0.5_seed9,patrol,waypoint,lte,5,50kb,0.5,9,ok,43.1,3,
Waypoint_outputs/patrol/lte_sta5_50kb_spd2.0_seed7,patrol,waypoint,lte,5,50kb,2.0,7,ok,45.3,3,
Waypoint_outputs/gaussmarkov_baseline/nr_sta15_1mb_spd5.0_seed9,n/a,gaussmarkov,nr,15,1mb,5.0,9,ok,732.9,15,
Waypoint_outputs/patrol/lte_sta5_50kb_spd2.0_seed8,patrol,waypoint,lte,5,50kb,2.0,8,ok,48.0,3,
Waypoint_outputs/patrol/lte_sta5_50kb_spd2.0_seed9,patrol,waypoint,lte,5,50kb,2.0,9,ok,43.3,3,
Waypoint_outputs/patrol/lte_sta5_50kb_spd5.0_seed7,patrol,waypoint,lte,5,50kb,5.0,7,ok,43.0,3,
Waypoint_outputs/patrol/lte_sta5_50kb_spd5.0_seed9,patrol,waypoint,lte,5,50kb,5.0,9,ok,49.6,3,
Waypoint_outputs/patrol/lte_sta5_50kb_spd5.0_seed8,patrol,waypoint,lte,5,50kb,5.0,8,ok,55.5,2,
Waypoint_outputs/patrol/lte_sta5_1mb_spd0.5_seed7,patrol,waypoint,lte,5,1mb,0.5,7,ok,41.9,4,
Waypoint_outputs/patrol/lte_sta5_1mb_spd0.5_seed8,patrol,waypoint,lte,5,1mb,0.5,8,ok,47.0,3,
Waypoint_outputs/gaussmarkov_baseline/nr_sta15_1mb_spd5.0_seed8,n/a,gaussmarkov,nr,15,1mb,5.0,8,ok,852.6,15,
Waypoint_outputs/patrol/lte_sta5_1mb_spd2.0_seed7,patrol,waypoint,lte,5,1mb,2.0,7,ok,42.3,4,
Waypoint_outputs/patrol/lte_sta5_1mb_spd0.5_seed9,patrol,waypoint,lte,5,1mb,0.5,9,ok,49.3,3,
Waypoint_outputs/patrol/lte_sta5_1mb_spd2.0_seed8,patrol,waypoint,lte,5,1mb,2.0,8,ok,44.5,4,
Waypoint_outputs/patrol/lte_sta10_10kb_spd0.5_seed7,patrol,waypoint,lte,10,10kb,0.5,7,ok,0.0,5,skipped-existing
Waypoint_outputs/patrol/lte_sta5_1mb_spd2.0_seed9,patrol,waypoint,lte,5,1mb,2.0,9,ok,42.6,4,
Waypoint_outputs/patrol/lte_sta5_1mb_spd5.0_seed7,patrol,waypoint,lte,5,1mb,5.0,7,ok,42.1,4,
Waypoint_outputs/patrol/lte_sta5_1mb_spd5.0_seed9,patrol,waypoint,lte,5,1mb,5.0,9,ok,41.4,5,
Waypoint_outputs/patrol/lte_sta5_1mb_spd5.0_seed8,patrol,waypoint,lte,5,1mb,5.0,8,ok,54.8,3,
Waypoint_outputs/patrol/lte_sta10_10kb_spd0.5_seed8,patrol,waypoint,lte,10,10kb,0.5,8,ok,87.4,6,
Waypoint_outputs/patrol/lte_sta10_10kb_spd0.5_seed9,patrol,waypoint,lte,10,10kb,0.5,9,ok,99.3,6,
Waypoint_outputs/patrol/lte_sta10_10kb_spd2.0_seed7,patrol,waypoint,lte,10,10kb,2.0,7,ok,93.9,7,
Waypoint_outputs/patrol/lte_sta10_10kb_spd2.0_seed8,patrol,waypoint,lte,10,10kb,2.0,8,ok,91.2,6,
Waypoint_outputs/patrol/lte_sta10_10kb_spd2.0_seed9,patrol,waypoint,lte,10,10kb,2.0,9,ok,96.8,7,
Waypoint_outputs/patrol/lte_sta10_10kb_spd5.0_seed8,patrol,waypoint,lte,10,10kb,5.0,8,ok,84.8,6,
Waypoint_outputs/patrol/lte_sta10_10kb_spd5.0_seed7,patrol,waypoint,lte,10,10kb,5.0,7,ok,111.5,6,
Waypoint_outputs/patrol/lte_sta10_10kb_spd5.0_seed9,patrol,waypoint,lte,10,10kb,5.0,9,ok,102.8,8,
Waypoint_outputs/patrol/lte_sta10_50kb_spd0.5_seed8,patrol,waypoint,lte,10,50kb,0.5,8,ok,90.4,6,
Waypoint_outputs/patrol/lte_sta10_50kb_spd0.5_seed7,patrol,waypoint,lte,10,50kb,0.5,7,ok,110.3,5,
Waypoint_outputs/patrol/lte_sta10_50kb_spd0.5_seed9,patrol,waypoint,lte,10,50kb,0.5,9,ok,110.9,6,
Waypoint_outputs/patrol/lte_sta10_50kb_spd2.0_seed7,patrol,waypoint,lte,10,50kb,2.0,7,ok,107.3,7,
Waypoint_outputs/patrol/lte_sta10_50kb_spd2.0_seed8,patrol,waypoint,lte,10,50kb,2.0,8,ok,103.8,6,
Waypoint_outputs/patrol/lte_sta10_50kb_spd2.0_seed9,patrol,waypoint,lte,10,50kb,2.0,9,ok,107.2,7,
Waypoint_outputs/patrol/lte_sta10_50kb_spd5.0_seed7,patrol,waypoint,lte,10,50kb,5.0,7,ok,120.7,6,
Waypoint_outputs/patrol/lte_sta10_50kb_spd5.0_seed8,patrol,waypoint,lte,10,50kb,5.0,8,ok,87.9,6,
Waypoint_outputs/patrol/lte_sta10_50kb_spd5.0_seed9,patrol,waypoint,lte,10,50kb,5.0,9,ok,106.7,8,
Waypoint_outputs/patrol/lte_sta10_1mb_spd0.5_seed7,patrol,waypoint,lte,10,1mb,0.5,7,ok,105.9,7,
Waypoint_outputs/patrol/lte_sta10_1mb_spd0.5_seed8,patrol,waypoint,lte,10,1mb,0.5,8,ok,101.3,7,
Waypoint_outputs/patrol/lte_sta10_1mb_spd0.5_seed9,patrol,waypoint,lte,10,1mb,0.5,9,ok,91.8,9,
Waypoint_outputs/patrol/lte_sta10_1mb_spd2.0_seed7,patrol,waypoint,lte,10,1mb,2.0,7,ok,90.6,10,
Waypoint_outputs/patrol/lte_sta10_1mb_spd2.0_seed9,patrol,waypoint,lte,10,1mb,2.0,9,ok,89.7,10,
Waypoint_outputs/patrol/lte_sta10_1mb_spd2.0_seed8,patrol,waypoint,lte,10,1mb,2.0,8,ok,108.7,7,
Waypoint_outputs/patrol/lte_sta10_1mb_spd5.0_seed7,patrol,waypoint,lte,10,1mb,5.0,7,ok,109.4,8,
Waypoint_outputs/patrol/lte_sta10_1mb_spd5.0_seed8,patrol,waypoint,lte,10,1mb,5.0,8,ok,97.2,7,
Waypoint_outputs/patrol/lte_sta10_1mb_spd5.0_seed9,patrol,waypoint,lte,10,1mb,5.0,9,ok,111.2,8,
Waypoint_outputs/patrol/lte_sta15_10kb_spd0.5_seed9,patrol,waypoint,lte,15,10kb,0.5,9,ok,118.7,13,
Waypoint_outputs/patrol/lte_sta15_10kb_spd0.5_seed8,patrol,waypoint,lte,15,10kb,0.5,8,ok,179.2,8,
Waypoint_outputs/patrol/lte_sta15_10kb_spd0.5_seed7,patrol,waypoint,lte,15,10kb,0.5,7,ok,205.7,6,
Waypoint_outputs/patrol/lte_sta15_10kb_spd2.0_seed7,patrol,waypoint,lte,15,10kb,2.0,7,ok,200.3,7,
Waypoint_outputs/patrol/lte_sta15_10kb_spd2.0_seed8,patrol,waypoint,lte,15,10kb,2.0,8,ok,174.5,8,
Waypoint_outputs/patrol/lte_sta15_10kb_spd2.0_seed9,patrol,waypoint,lte,15,10kb,2.0,9,ok,148.3,9,
Waypoint_outputs/patrol/lte_sta15_10kb_spd5.0_seed8,patrol,waypoint,lte,15,10kb,5.0,8,ok,165.3,10,
Waypoint_outputs/patrol/lte_sta15_10kb_spd5.0_seed7,patrol,waypoint,lte,15,10kb,5.0,7,ok,187.5,9,
Waypoint_outputs/patrol/lte_sta15_10kb_spd5.0_seed9,patrol,waypoint,lte,15,10kb,5.0,9,ok,156.8,9,
Waypoint_outputs/patrol/lte_sta15_50kb_spd0.5_seed7,patrol,waypoint,lte,15,50kb,0.5,7,ok,207.7,6,
Waypoint_outputs/patrol/lte_sta15_50kb_spd0.5_seed8,patrol,waypoint,lte,15,50kb,0.5,8,ok,177.2,8,
Waypoint_outputs/patrol/lte_sta15_50kb_spd0.5_seed9,patrol,waypoint,lte,15,50kb,0.5,9,ok,118.6,13,
Waypoint_outputs/patrol/lte_sta15_50kb_spd2.0_seed8,patrol,waypoint,lte,15,50kb,2.0,8,ok,174.6,8,
Waypoint_outputs/patrol/lte_sta15_50kb_spd2.0_seed7,patrol,waypoint,lte,15,50kb,2.0,7,ok,201.0,7,
Waypoint_outputs/patrol/lte_sta15_50kb_spd2.0_seed9,patrol,waypoint,lte,15,50kb,2.0,9,ok,151.1,9,
Waypoint_outputs/patrol/lte_sta15_50kb_spd5.0_seed8,patrol,waypoint,lte,15,50kb,5.0,8,ok,166.1,10,
Waypoint_outputs/patrol/lte_sta15_50kb_spd5.0_seed7,patrol,waypoint,lte,15,50kb,5.0,7,ok,187.6,9,
Waypoint_outputs/patrol/lte_sta15_50kb_spd5.0_seed9,patrol,waypoint,lte,15,50kb,5.0,9,ok,146.1,10,
Waypoint_outputs/patrol/lte_sta15_1mb_spd0.5_seed7,patrol,waypoint,lte,15,1mb,0.5,7,ok,190.7,10,
Waypoint_outputs/patrol/lte_sta15_1mb_spd0.5_seed9,patrol,waypoint,lte,15,1mb,0.5,9,ok,108.8,15,
Waypoint_outputs/patrol/lte_sta15_1mb_spd0.5_seed8,patrol,waypoint,lte,15,1mb,0.5,8,ok,174.7,11,
Waypoint_outputs/patrol/lte_sta15_1mb_spd2.0_seed7,patrol,waypoint,lte,15,1mb,2.0,7,ok,187.4,11,
Waypoint_outputs/patrol/lte_sta15_1mb_spd2.0_seed8,patrol,waypoint,lte,15,1mb,2.0,8,ok,178.2,11,
Waypoint_outputs/patrol/nr_sta5_10kb_spd0.5_seed7,patrol,waypoint,nr,5,10kb,0.5,7,ok,0.0,3,skipped-existing
Waypoint_outputs/patrol/lte_sta15_1mb_spd2.0_seed9,patrol,waypoint,lte,15,1mb,2.0,9,ok,137.0,12,
Waypoint_outputs/patrol/lte_sta15_1mb_spd5.0_seed7,patrol,waypoint,lte,15,1mb,5.0,7,ok,175.5,12,
Waypoint_outputs/patrol/lte_sta15_1mb_spd5.0_seed9,patrol,waypoint,lte,15,1mb,5.0,9,ok,114.4,14,
Waypoint_outputs/patrol/lte_sta15_1mb_spd5.0_seed8,patrol,waypoint,lte,15,1mb,5.0,8,ok,196.4,11,
Waypoint_outputs/patrol/nr_sta5_10kb_spd0.5_seed8,patrol,waypoint,nr,5,10kb,0.5,8,ok,147.8,2,
Waypoint_outputs/patrol/nr_sta5_10kb_spd0.5_seed9,patrol,waypoint,nr,5,10kb,0.5,9,ok,173.6,3,
Waypoint_outputs/patrol/nr_sta5_10kb_spd2.0_seed7,patrol,waypoint,nr,5,10kb,2.0,7,ok,164.7,3,
Waypoint_outputs/patrol/nr_sta5_10kb_spd2.0_seed8,patrol,waypoint,nr,5,10kb,2.0,8,ok,155.8,3,
Waypoint_outputs/patrol/nr_sta5_10kb_spd2.0_seed9,patrol,waypoint,nr,5,10kb,2.0,9,ok,168.1,3,
Waypoint_outputs/patrol/nr_sta5_10kb_spd5.0_seed7,patrol,waypoint,nr,5,10kb,5.0,7,ok,169.5,3,
Waypoint_outputs/patrol/nr_sta5_10kb_spd5.0_seed8,patrol,waypoint,nr,5,10kb,5.0,8,ok,142.2,2,
Waypoint_outputs/patrol/nr_sta5_10kb_spd5.0_seed9,patrol,waypoint,nr,5,10kb,5.0,9,ok,162.8,3,
Waypoint_outputs/patrol/nr_sta5_50kb_spd0.5_seed8,patrol,waypoint,nr,5,50kb,0.5,8,ok,145.0,2,
Waypoint_outputs/patrol/nr_sta5_50kb_spd0.5_seed7,patrol,waypoint,nr,5,50kb,0.5,7,ok,166.1,3,
Waypoint_outputs/patrol/nr_sta5_50kb_spd0.5_seed9,patrol,waypoint,nr,5,50kb,0.5,9,ok,170.9,3,
Waypoint_outputs/patrol/nr_sta5_50kb_spd2.0_seed7,patrol,waypoint,nr,5,50kb,2.0,7,ok,160.3,3,
Waypoint_outputs/patrol/nr_sta5_50kb_spd2.0_seed8,patrol,waypoint,nr,5,50kb,2.0,8,ok,153.6,3,
Waypoint_outputs/patrol/nr_sta5_50kb_spd5.0_seed7,patrol,waypoint,nr,5,50kb,5.0,7,ok,161.3,3,
Waypoint_outputs/patrol/nr_sta5_50kb_spd2.0_seed9,patrol,waypoint,nr,5,50kb,2.0,9,ok,166.8,3,
Waypoint_outputs/patrol/nr_sta5_50kb_spd5.0_seed8,patrol,waypoint,nr,5,50kb,5.0,8,ok,141.3,2,
Waypoint_outputs/patrol/nr_sta5_50kb_spd5.0_seed9,patrol,waypoint,nr,5,50kb,5.0,9,ok,161.6,3,
Waypoint_outputs/patrol/nr_sta5_1mb_spd0.5_seed7,patrol,waypoint,nr,5,1mb,0.5,7,ok,196.0,4,
Waypoint_outputs/patrol/nr_sta5_1mb_spd0.5_seed8,patrol,waypoint,nr,5,1mb,0.5,8,ok,169.1,3,
Waypoint_outputs/patrol/nr_sta5_1mb_spd0.5_seed9,patrol,waypoint,nr,5,1mb,0.5,9,ok,181.5,3,
Waypoint_outputs/patrol/nr_sta5_1mb_spd2.0_seed7,patrol,waypoint,nr,5,1mb,2.0,7,ok,173.8,3,
Waypoint_outputs/patrol/nr_sta5_1mb_spd2.0_seed8,patrol,waypoint,nr,5,1mb,2.0,8,ok,183.7,4,
Waypoint_outputs/patrol/nr_sta10_10kb_spd0.5_seed7,patrol,waypoint,nr,10,10kb,0.5,7,ok,0.0,5,skipped-existing
Waypoint_outputs/patrol/nr_sta5_1mb_spd5.0_seed8,patrol,waypoint,nr,5,1mb,5.0,8,ok,166.2,3,
Waypoint_outputs/patrol/nr_sta5_1mb_spd5.0_seed7,patrol,waypoint,nr,5,1mb,5.0,7,ok,197.9,4,
Waypoint_outputs/patrol/nr_sta5_1mb_spd2.0_seed9,patrol,waypoint,nr,5,1mb,2.0,9,ok,201.8,4,
Waypoint_outputs/patrol/nr_sta5_1mb_spd5.0_seed9,patrol,waypoint,nr,5,1mb,5.0,9,ok,220.6,5,
Waypoint_outputs/patrol/nr_sta10_10kb_spd0.5_seed8,patrol,waypoint,nr,10,10kb,0.5,8,ok,487.4,6,
Waypoint_outputs/patrol/nr_sta10_10kb_spd2.0_seed8,patrol,waypoint,nr,10,10kb,2.0,8,ok,467.7,6,
Waypoint_outputs/patrol/nr_sta10_10kb_spd0.5_seed9,patrol,waypoint,nr,10,10kb,0.5,9,ok,486.6,6,
Waypoint_outputs/patrol/nr_sta10_10kb_spd2.0_seed7,patrol,waypoint,nr,10,10kb,2.0,7,ok,525.1,7,
Waypoint_outputs/patrol/nr_sta10_10kb_spd2.0_seed9,patrol,waypoint,nr,10,10kb,2.0,9,ok,506.2,7,
Waypoint_outputs/patrol/nr_sta10_10kb_spd5.0_seed7,patrol,waypoint,nr,10,10kb,5.0,7,ok,433.0,6,
Waypoint_outputs/patrol/nr_sta10_10kb_spd5.0_seed8,patrol,waypoint,nr,10,10kb,5.0,8,ok,434.5,6,
Waypoint_outputs/patrol/nr_sta10_50kb_spd0.5_seed7,patrol,waypoint,nr,10,50kb,0.5,7,ok,453.7,5,
Waypoint_outputs/patrol/nr_sta10_10kb_spd5.0_seed9,patrol,waypoint,nr,10,10kb,5.0,9,ok,540.3,8,
Waypoint_outputs/patrol/nr_sta10_50kb_spd0.5_seed8,patrol,waypoint,nr,10,50kb,0.5,8,ok,455.8,6,
Waypoint_outputs/patrol/nr_sta10_50kb_spd0.5_seed9,patrol,waypoint,nr,10,50kb,0.5,9,ok,503.0,6,
Waypoint_outputs/patrol/nr_sta10_50kb_spd2.0_seed7,patrol,waypoint,nr,10,50kb,2.0,7,ok,517.2,7,
Waypoint_outputs/patrol/nr_sta10_50kb_spd2.0_seed8,patrol,waypoint,nr,10,50kb,2.0,8,ok,446.1,6,
Waypoint_outputs/patrol/nr_sta10_50kb_spd5.0_seed7,patrol,waypoint,nr,10,50kb,5.0,7,ok,438.8,6,
Waypoint_outputs/patrol/nr_sta10_50kb_spd2.0_seed9,patrol,waypoint,nr,10,50kb,2.0,9,ok,524.3,7,
Waypoint_outputs/patrol/nr_sta10_50kb_spd5.0_seed8,patrol,waypoint,nr,10,50kb,5.0,8,ok,436.7,6,
Waypoint_outputs/patrol/nr_sta10_50kb_spd5.0_seed9,patrol,waypoint,nr,10,50kb,5.0,9,ok,535.2,8,
Waypoint_outputs/patrol/nr_sta10_1mb_spd0.5_seed7,patrol,waypoint,nr,10,1mb,0.5,7,ok,589.7,8,
Waypoint_outputs/patrol/nr_sta10_1mb_spd0.5_seed8,patrol,waypoint,nr,10,1mb,0.5,8,ok,549.7,7,
Waypoint_outputs/patrol/nr_sta10_1mb_spd0.5_seed9,patrol,waypoint,nr,10,1mb,0.5,9,ok,666.5,9,
Waypoint_outputs/patrol/nr_sta10_1mb_spd2.0_seed7,patrol,waypoint,nr,10,1mb,2.0,7,ok,653.3,10,
Waypoint_outputs/patrol/nr_sta10_1mb_spd2.0_seed8,patrol,waypoint,nr,10,1mb,2.0,8,ok,518.3,7,
Waypoint_outputs/patrol/nr_sta10_1mb_spd5.0_seed7,patrol,waypoint,nr,10,1mb,5.0,7,ok,638.5,9,
Waypoint_outputs/patrol/nr_sta10_1mb_spd5.0_seed8,patrol,waypoint,nr,10,1mb,5.0,8,ok,471.0,7,
Waypoint_outputs/patrol/nr_sta10_1mb_spd2.0_seed9,patrol,waypoint,nr,10,1mb,2.0,9,ok,685.1,10,
Waypoint_outputs/patrol/nr_sta10_1mb_spd5.0_seed9,patrol,waypoint,nr,10,1mb,5.0,9,ok,728.2,10,
Waypoint_outputs/patrol/nr_sta15_10kb_spd0.5_seed7,patrol,waypoint,nr,15,10kb,0.5,7,ok,750.7,6,
Waypoint_outputs/patrol/nr_sta15_10kb_spd2.0_seed7,patrol,waypoint,nr,15,10kb,2.0,7,ok,779.1,7,
Waypoint_outputs/patrol/nr_sta15_10kb_spd0.5_seed8,patrol,waypoint,nr,15,10kb,0.5,8,ok,850.8,8,
Waypoint_outputs/patrol/nr_sta15_10kb_spd0.5_seed9,patrol,waypoint,nr,15,10kb,0.5,9,ok,1172.1,13,
Waypoint_outputs/patrol/nr_sta15_10kb_spd2.0_seed8,patrol,waypoint,nr,15,10kb,2.0,8,ok,849.2,8,
Waypoint_outputs/patrol/nr_sta15_10kb_spd2.0_seed9,patrol,waypoint,nr,15,10kb,2.0,9,ok,916.4,9,
Waypoint_outputs/patrol/nr_sta15_10kb_spd5.0_seed7,patrol,waypoint,nr,15,10kb,5.0,7,ok,855.1,9,
Waypoint_outputs/patrol/nr_sta15_10kb_spd5.0_seed8,patrol,waypoint,nr,15,10kb,5.0,8,ok,881.2,10,
Waypoint_outputs/patrol/nr_sta15_50kb_spd0.5_seed7,patrol,waypoint,nr,15,50kb,0.5,7,ok,738.4,6,
Waypoint_outputs/patrol/nr_sta15_10kb_spd5.0_seed9,patrol,waypoint,nr,15,10kb,5.0,9,ok,923.2,9,
Waypoint_outputs/patrol/nr_sta15_50kb_spd0.5_seed8,patrol,waypoint,nr,15,50kb,0.5,8,ok,859.0,8,
Waypoint_outputs/patrol/nr_sta15_50kb_spd2.0_seed7,patrol,waypoint,nr,15,50kb,2.0,7,ok,788.7,7,
Waypoint_outputs/patrol/nr_sta15_50kb_spd0.5_seed9,patrol,waypoint,nr,15,50kb,0.5,9,ok,1195.5,13,
Waypoint_outputs/patrol/nr_sta15_50kb_spd2.0_seed8,patrol,waypoint,nr,15,50kb,2.0,8,ok,870.5,8,
Waypoint_outputs/patrol/nr_sta15_50kb_spd2.0_seed9,patrol,waypoint,nr,15,50kb,2.0,9,ok,940.7,9,
Waypoint_outputs/patrol/nr_sta15_50kb_spd5.0_seed7,patrol,waypoint,nr,15,50kb,5.0,7,ok,850.8,9,
Waypoint_outputs/patrol/nr_sta15_50kb_spd5.0_seed8,patrol,waypoint,nr,15,50kb,5.0,8,ok,894.5,10,
Waypoint_outputs/patrol/nr_sta15_50kb_spd5.0_seed9,patrol,waypoint,nr,15,50kb,5.0,9,ok,1002.0,10,
Waypoint_outputs/patrol/nr_sta15_1mb_spd0.5_seed7,patrol,waypoint,nr,15,1mb,0.5,7,ok,1227.4,10,
Waypoint_outputs/patrol/nr_sta15_1mb_spd0.5_seed8,patrol,waypoint,nr,15,1mb,0.5,8,ok,1254.8,11,
Waypoint_outputs/patrol/nr_sta15_1mb_spd0.5_seed9,patrol,waypoint,nr,15,1mb,0.5,9,ok,1316.4,15,
Waypoint_outputs/patrol/nr_sta15_1mb_spd2.0_seed7,patrol,waypoint,nr,15,1mb,2.0,7,ok,1183.5,11,
Waypoint_outputs/patrol/nr_sta15_1mb_spd2.0_seed8,patrol,waypoint,nr,15,1mb,2.0,8,ok,1242.2,11,
Waypoint_outputs/transport/lte_sta5_10kb_spd0.5_seed7,transport,waypoint,lte,5,10kb,0.5,7,ok,48.8,3,
Waypoint_outputs/transport/lte_sta5_10kb_spd0.5_seed8,transport,waypoint,lte,5,10kb,0.5,8,ok,52.1,2,
Waypoint_outputs/patrol/nr_sta15_1mb_spd2.0_seed9,patrol,waypoint,nr,15,1mb,2.0,9,ok,1159.5,11,
Waypoint_outputs/transport/lte_sta5_10kb_spd0.5_seed9,transport,waypoint,lte,5,10kb,0.5,9,ok,60.9,1,
Waypoint_outputs/transport/lte_sta5_10kb_spd2.0_seed8,transport,waypoint,lte,5,10kb,2.0,8,ok,44.5,5,
Waypoint_outputs/transport/lte_sta5_10kb_spd2.0_seed7,transport,waypoint,lte,5,10kb,2.0,7,ok,48.4,3,
Waypoint_outputs/transport/lte_sta5_10kb_spd5.0_seed7,transport,waypoint,lte,5,10kb,5.0,7,ok,35.9,5,
Waypoint_outputs/transport/lte_sta5_10kb_spd2.0_seed9,transport,waypoint,lte,5,10kb,2.0,9,ok,55.4,4,
Waypoint_outputs/transport/lte_sta5_10kb_spd5.0_seed8,transport,waypoint,lte,5,10kb,5.0,8,ok,35.2,5,
Waypoint_outputs/transport/lte_sta5_10kb_spd5.0_seed9,transport,waypoint,lte,5,10kb,5.0,9,ok,39.7,5,
Waypoint_outputs/transport/lte_sta5_50kb_spd0.5_seed7,transport,waypoint,lte,5,50kb,0.5,7,ok,48.0,3,
Waypoint_outputs/patrol/nr_sta15_1mb_spd5.0_seed7,patrol,waypoint,nr,15,1mb,5.0,7,ok,1238.5,12,
Waypoint_outputs/transport/lte_sta5_50kb_spd0.5_seed8,transport,waypoint,lte,5,50kb,0.5,8,ok,53.1,2,
Waypoint_outputs/transport/lte_sta5_50kb_spd0.5_seed9,transport,waypoint,lte,5,50kb,0.5,9,ok,61.1,1,
Waypoint_outputs/transport/lte_sta5_50kb_spd2.0_seed7,transport,waypoint,lte,5,50kb,2.0,7,ok,49.1,3,
Waypoint_outputs/transport/lte_sta5_50kb_spd2.0_seed8,transport,waypoint,lte,5,50kb,2.0,8,ok,44.6,5,
Waypoint_outputs/patrol/nr_sta15_1mb_spd5.0_seed8,patrol,waypoint,nr,15,1mb,5.0,8,ok,1118.1,11,
Waypoint_outputs/transport/lte_sta5_50kb_spd5.0_seed7,transport,waypoint,lte,5,50kb,5.0,7,ok,36.3,5,
Waypoint_outputs/transport/lte_sta5_50kb_spd5.0_seed8,transport,waypoint,lte,5,50kb,5.0,8,ok,35.2,5,
Waypoint_outputs/transport/lte_sta5_50kb_spd2.0_seed9,transport,waypoint,lte,5,50kb,2.0,9,ok,55.5,4,
Waypoint_outputs/transport/lte_sta5_50kb_spd5.0_seed9,transport,waypoint,lte,5,50kb,5.0,9,ok,40.5,5,
Waypoint_outputs/transport/lte_sta5_1mb_spd0.5_seed7,transport,waypoint,lte,5,1mb,0.5,7,ok,43.1,4,
Waypoint_outputs/transport/lte_sta5_1mb_spd0.5_seed8,transport,waypoint,lte,5,1mb,0.5,8,ok,50.6,3,
Waypoint_outputs/transport/lte_sta5_1mb_spd0.5_seed9,transport,waypoint,lte,5,1mb,0.5,9,ok,50.5,3,
Waypoint_outputs/transport/lte_sta5_1mb_spd2.0_seed7,transport,waypoint,lte,5,1mb,2.0,7,ok,45.2,4,
Waypoint_outputs/transport/lte_sta5_1mb_spd2.0_seed8,transport,waypoint,lte,5,1mb,2.0,8,ok,49.4,5,
Waypoint_outputs/transport/lte_sta5_1mb_spd5.0_seed7,transport,waypoint,lte,5,1mb,5.0,7,ok,40.6,5,
Waypoint_outputs/transport/lte_sta5_1mb_spd2.0_seed9,transport,waypoint,lte,5,1mb,2.0,9,ok,53.4,4,
Waypoint_outputs/transport/lte_sta5_1mb_spd5.0_seed8,transport,waypoint,lte,5,1mb,5.0,8,ok,42.5,5,
Waypoint_outputs/transport/lte_sta5_1mb_spd5.0_seed9,transport,waypoint,lte,5,1mb,5.0,9,ok,46.9,5,
Waypoint_outputs/patrol/nr_sta15_1mb_spd5.0_seed9,patrol,waypoint,nr,15,1mb,5.0,9,ok,1241.3,13,
Waypoint_outputs/transport/lte_sta10_10kb_spd0.5_seed7,transport,waypoint,lte,10,10kb,0.5,7,ok,127.5,3,
Waypoint_outputs/transport/lte_sta10_10kb_spd0.5_seed8,transport,waypoint,lte,10,10kb,0.5,8,ok,127.1,3,
Waypoint_outputs/transport/lte_sta10_10kb_spd0.5_seed9,transport,waypoint,lte,10,10kb,0.5,9,ok,129.5,2,
Waypoint_outputs/transport/lte_sta10_10kb_spd2.0_seed7,transport,waypoint,lte,10,10kb,2.0,7,ok,113.1,8,
Waypoint_outputs/transport/lte_sta10_10kb_spd2.0_seed8,transport,waypoint,lte,10,10kb,2.0,8,ok,114.2,6,
Waypoint_outputs/transport/lte_sta10_10kb_spd5.0_seed7,transport,waypoint,lte,10,10kb,5.0,7,ok,75.1,10,
Waypoint_outputs/transport/lte_sta10_10kb_spd5.0_seed9,transport,waypoint,lte,10,10kb,5.0,9,ok,72.8,10,
Waypoint_outputs/transport/lte_sta10_10kb_spd5.0_seed8,transport,waypoint,lte,10,10kb,5.0,8,ok,91.7,8,
Waypoint_outputs/transport/lte_sta10_10kb_spd2.0_seed9,transport,waypoint,lte,10,10kb,2.0,9,ok,111.6,9,
Waypoint_outputs/transport/lte_sta10_50kb_spd0.5_seed7,transport,waypoint,lte,10,50kb,0.5,7,ok,130.3,3,
Waypoint_outputs/transport/lte_sta10_50kb_spd0.5_seed8,transport,waypoint,lte,10,50kb,0.5,8,ok,129.2,3,
Waypoint_outputs/transport/lte_sta10_50kb_spd2.0_seed7,transport,waypoint,lte,10,50kb,2.0,7,ok,111.5,8,
Waypoint_outputs/transport/lte_sta10_50kb_spd2.0_seed8,transport,waypoint,lte,10,50kb,2.0,8,ok,115.3,6,
Waypoint_outputs/transport/lte_sta10_50kb_spd0.5_seed9,transport,waypoint,lte,10,50kb,0.5,9,ok,132.2,2,
Waypoint_outputs/transport/lte_sta10_50kb_spd2.0_seed9,transport,waypoint,lte,10,50kb,2.0,9,ok,112.0,9,
Waypoint_outputs/transport/lte_sta10_50kb_spd5.0_seed7,transport,waypoint,lte,10,50kb,5.0,7,ok,75.0,10,
Waypoint_outputs/transport/lte_sta10_50kb_spd5.0_seed9,transport,waypoint,lte,10,50kb,5.0,9,ok,72.3,10,
Waypoint_outputs/transport/lte_sta10_50kb_spd5.0_seed8,transport,waypoint,lte,10,50kb,5.0,8,ok,94.6,8,
Waypoint_outputs/transport/lte_sta10_1mb_spd0.5_seed7,transport,waypoint,lte,10,1mb,0.5,7,ok,125.8,5,
Waypoint_outputs/transport/lte_sta10_1mb_spd0.5_seed8,transport,waypoint,lte,10,1mb,0.5,8,ok,116.3,6,
Waypoint_outputs/transport/lte_sta10_1mb_spd2.0_seed7,transport,waypoint,lte,10,1mb,2.0,7,ok,110.3,9,
Waypoint_outputs/transport/lte_sta10_1mb_spd0.5_seed9,transport,waypoint,lte,10,1mb,0.5,9,ok,129.6,4,
Waypoint_outputs/transport/lte_sta10_1mb_spd2.0_seed8,transport,waypoint,lte,10,1mb,2.0,8,ok,114.0,7,
Waypoint_outputs/transport/lte_sta10_1mb_spd2.0_seed9,transport,waypoint,lte,10,1mb,2.0,9,ok,125.8,9,
Waypoint_outputs/transport/lte_sta10_1mb_spd5.0_seed7,transport,waypoint,lte,10,1mb,5.0,7,ok,88.6,10,
Waypoint_outputs/transport/lte_sta10_1mb_spd5.0_seed9,transport,waypoint,lte,10,1mb,5.0,9,ok,92.1,10,
Waypoint_outputs/transport/lte_sta10_1mb_spd5.0_seed8,transport,waypoint,lte,10,1mb,5.0,8,ok,100.7,9,
Waypoint_outputs/transport/lte_sta15_10kb_spd0.5_seed7,transport,waypoint,lte,15,10kb,0.5,7,ok,194.0,6,
Waypoint_outputs/transport/lte_sta15_10kb_spd0.5_seed9,transport,waypoint,lte,15,10kb,0.5,9,ok,184.8,7,
Waypoint_outputs/transport/lte_sta15_10kb_spd2.0_seed7,transport,waypoint,lte,15,10kb,2.0,7,ok,157.5,14,
Waypoint_outputs/transport/lte_sta15_10kb_spd2.0_seed8,transport,waypoint,lte,15,10kb,2.0,8,ok,170.5,13,
Waypoint_outputs/transport/lte_sta15_10kb_spd0.5_seed8,transport,waypoint,lte,15,10kb,0.5,8,ok,224.5,4,
Waypoint_outputs/transport/lte_sta15_10kb_spd5.0_seed7,transport,waypoint,lte,15,10kb,5.0,7,ok,113.3,14,
Waypoint_outputs/transport/lte_sta15_10kb_spd2.0_seed9,transport,waypoint,lte,15,10kb,2.0,9,ok,176.7,13,
Waypoint_outputs/transport/lte_sta15_10kb_spd5.0_seed8,transport,waypoint,lte,15,10kb,5.0,8,ok,127.5,13,
Waypoint_outputs/transport/lte_sta15_10kb_spd5.0_seed9,transport,waypoint,lte,15,10kb,5.0,9,ok,129.0,14,
Waypoint_outputs/transport/lte_sta15_50kb_spd0.5_seed7,transport,waypoint,lte,15,50kb,0.5,7,ok,198.1,6,
Waypoint_outputs/transport/lte_sta15_50kb_spd2.0_seed7,transport,waypoint,lte,15,50kb,2.0,7,ok,162.6,14,
Waypoint_outputs/transport/lte_sta15_50kb_spd0.5_seed9,transport,waypoint,lte,15,50kb,0.5,9,ok,191.0,7,
Waypoint_outputs/transport/lte_sta15_50kb_spd2.0_seed8,transport,waypoint,lte,15,50kb,2.0,8,ok,174.3,13,
Waypoint_outputs/transport/lte_sta15_50kb_spd0.5_seed8,transport,waypoint,lte,15,50kb,0.5,8,ok,225.3,4,
Waypoint_outputs/transport/lte_sta15_50kb_spd2.0_seed9,transport,waypoint,lte,15,50kb,2.0,9,ok,180.0,13,
Waypoint_outputs/transport/lte_sta15_50kb_spd5.0_seed7,transport,waypoint,lte,15,50kb,5.0,7,ok,115.8,14,
Waypoint_outputs/transport/lte_sta15_50kb_spd5.0_seed8,transport,waypoint,lte,15,50kb,5.0,8,ok,130.4,13,
Waypoint_outputs/transport/lte_sta15_50kb_spd5.0_seed9,transport,waypoint,lte,15,50kb,5.0,9,ok,130.4,14,
Waypoint_outputs/transport/lte_sta15_1mb_spd0.5_seed7,transport,waypoint,lte,15,1mb,0.5,7,ok,214.0,8,
Waypoint_outputs/transport/lte_sta15_1mb_spd0.5_seed8,transport,waypoint,lte,15,1mb,0.5,8,ok,207.6,8,
Waypoint_outputs/transport/lte_sta15_1mb_spd0.5_seed9,transport,waypoint,lte,15,1mb,0.5,9,ok,190.9,10,
Waypoint_outputs/transport/lte_sta15_1mb_spd2.0_seed7,transport,waypoint,lte,15,1mb,2.0,7,ok,172.9,14,
Waypoint_outputs/transport/lte_sta15_1mb_spd2.0_seed8,transport,waypoint,lte,15,1mb,2.0,8,ok,184.2,13,
Waypoint_outputs/transport/lte_sta15_1mb_spd2.0_seed9,transport,waypoint,lte,15,1mb,2.0,9,ok,172.9,15,
Waypoint_outputs/transport/lte_sta15_1mb_spd5.0_seed7,transport,waypoint,lte,15,1mb,5.0,7,ok,144.3,14,
Waypoint_outputs/transport/lte_sta15_1mb_spd5.0_seed9,transport,waypoint,lte,15,1mb,5.0,9,ok,136.5,15,
Waypoint_outputs/transport/lte_sta15_1mb_spd5.0_seed8,transport,waypoint,lte,15,1mb,5.0,8,ok,167.6,13,
Waypoint_outputs/transport/nr_sta5_10kb_spd0.5_seed7,transport,waypoint,nr,5,10kb,0.5,7,ok,155.6,3,
Waypoint_outputs/transport/nr_sta5_10kb_spd0.5_seed8,transport,waypoint,nr,5,10kb,0.5,8,ok,136.8,2,
Waypoint_outputs/transport/nr_sta5_10kb_spd0.5_seed9,transport,waypoint,nr,5,10kb,0.5,9,ok,111.7,1,
Waypoint_outputs/transport/nr_sta5_10kb_spd2.0_seed9,transport,waypoint,nr,5,10kb,2.0,9,ok,126.6,4,
Waypoint_outputs/transport/nr_sta5_10kb_spd2.0_seed7,transport,waypoint,nr,5,10kb,2.0,7,ok,145.4,3,
Waypoint_outputs/transport/nr_sta5_10kb_spd2.0_seed8,transport,waypoint,nr,5,10kb,2.0,8,ok,164.5,5,
Waypoint_outputs/transport/nr_sta5_10kb_spd5.0_seed7,transport,waypoint,nr,5,10kb,5.0,7,ok,190.4,5,
Waypoint_outputs/transport/nr_sta5_50kb_spd0.5_seed7,transport,waypoint,nr,5,50kb,0.5,7,ok,150.8,3,
Waypoint_outputs/transport/nr_sta5_10kb_spd5.0_seed8,transport,waypoint,nr,5,10kb,5.0,8,ok,211.7,5,
Waypoint_outputs/transport/nr_sta5_50kb_spd0.5_seed8,transport,waypoint,nr,5,50kb,0.5,8,ok,137.7,2,
Waypoint_outputs/transport/nr_sta5_10kb_spd5.0_seed9,transport,waypoint,nr,5,10kb,5.0,9,ok,181.3,5,
Waypoint_outputs/transport/nr_sta5_50kb_spd0.5_seed9,transport,waypoint,nr,5,50kb,0.5,9,ok,109.9,1,
Waypoint_outputs/transport/nr_sta5_50kb_spd2.0_seed7,transport,waypoint,nr,5,50kb,2.0,7,ok,145.2,3,
Waypoint_outputs/transport/nr_sta5_50kb_spd2.0_seed9,transport,waypoint,nr,5,50kb,2.0,9,ok,126.0,4,
Waypoint_outputs/transport/nr_sta5_50kb_spd2.0_seed8,transport,waypoint,nr,5,50kb,2.0,8,ok,162.0,5,
Waypoint_outputs/transport/nr_sta5_50kb_spd5.0_seed7,transport,waypoint,nr,5,50kb,5.0,7,ok,193.3,5,
Waypoint_outputs/transport/nr_sta5_50kb_spd5.0_seed8,transport,waypoint,nr,5,50kb,5.0,8,ok,216.4,5,
Waypoint_outputs/transport/nr_sta5_50kb_spd5.0_seed9,transport,waypoint,nr,5,50kb,5.0,9,ok,185.8,5,
Waypoint_outputs/transport/nr_sta5_1mb_spd0.5_seed7,transport,waypoint,nr,5,1mb,0.5,7,ok,183.3,4,
Waypoint_outputs/transport/nr_sta5_1mb_spd0.5_seed8,transport,waypoint,nr,5,1mb,0.5,8,ok,165.2,3,
Waypoint_outputs/transport/nr_sta5_1mb_spd0.5_seed9,transport,waypoint,nr,5,1mb,0.5,9,ok,160.8,3,
Waypoint_outputs/transport/nr_sta5_1mb_spd2.0_seed7,transport,waypoint,nr,5,1mb,2.0,7,ok,178.0,4,
Waypoint_outputs/transport/nr_sta5_1mb_spd2.0_seed9,transport,waypoint,nr,5,1mb,2.0,9,ok,159.2,4,
Waypoint_outputs/transport/nr_sta5_1mb_spd2.0_seed8,transport,waypoint,nr,5,1mb,2.0,8,ok,190.8,5,
Waypoint_outputs/transport/nr_sta5_1mb_spd5.0_seed7,transport,waypoint,nr,5,1mb,5.0,7,ok,207.9,5,
Waypoint_outputs/transport/nr_sta5_1mb_spd5.0_seed8,transport,waypoint,nr,5,1mb,5.0,8,ok,229.0,5,
Waypoint_outputs/transport/nr_sta5_1mb_spd5.0_seed9,transport,waypoint,nr,5,1mb,5.0,9,ok,199.1,5,
Waypoint_outputs/transport/nr_sta10_10kb_spd0.5_seed7,transport,waypoint,nr,10,10kb,0.5,7,ok,327.0,3,
Waypoint_outputs/transport/nr_sta10_10kb_spd0.5_seed9,transport,waypoint,nr,10,10kb,0.5,9,ok,291.5,2,
Waypoint_outputs/transport/nr_sta10_10kb_spd0.5_seed8,transport,waypoint,nr,10,10kb,0.5,8,ok,334.7,3,
Waypoint_outputs/transport/nr_sta10_10kb_spd2.0_seed7,transport,waypoint,nr,10,10kb,2.0,7,ok,412.4,8,
Waypoint_outputs/transport/nr_sta10_10kb_spd2.0_seed8,transport,waypoint,nr,10,10kb,2.0,8,ok,395.9,6,
Waypoint_outputs/transport/nr_sta10_10kb_spd2.0_seed9,transport,waypoint,nr,10,10kb,2.0,9,ok,395.2,9,
Waypoint_outputs/transport/nr_sta10_10kb_spd5.0_seed8,transport,waypoint,nr,10,10kb,5.0,8,ok,505.6,8,
Waypoint_outputs/transport/nr_sta10_50kb_spd0.5_seed7,transport,waypoint,nr,10,50kb,0.5,7,ok,341.1,3,
Waypoint_outputs/transport/nr_sta10_10kb_spd5.0_seed7,transport,waypoint,nr,10,10kb,5.0,7,ok,587.4,10,
Waypoint_outputs/transport/nr_sta10_50kb_spd0.5_seed8,transport,waypoint,nr,10,50kb,0.5,8,ok,331.8,3,
Waypoint_outputs/transport/nr_sta10_10kb_spd5.0_seed9,transport,waypoint,nr,10,10kb,5.0,9,ok,606.6,10,
Waypoint_outputs/transport/nr_sta10_50kb_spd0.5_seed9,transport,waypoint,nr,10,50kb,0.5,9,ok,291.6,2,
Waypoint_outputs/transport/nr_sta10_50kb_spd2.0_seed8,transport,waypoint,nr,10,50kb,2.0,8,ok,397.3,6,
Waypoint_outputs/transport/nr_sta10_50kb_spd2.0_seed7,transport,waypoint,nr,10,50kb,2.0,7,ok,417.1,8,
Waypoint_outputs/transport/nr_sta10_50kb_spd2.0_seed9,transport,waypoint,nr,10,50kb,2.0,9,ok,394.8,9,
Waypoint_outputs/transport/nr_sta10_50kb_spd5.0_seed8,transport,waypoint,nr,10,50kb,5.0,8,ok,532.9,8,
Waypoint_outputs/transport/nr_sta10_50kb_spd5.0_seed7,transport,waypoint,nr,10,50kb,5.0,7,ok,597.6,10,
Waypoint_outputs/transport/nr_sta10_1mb_spd0.5_seed7,transport,waypoint,nr,10,1mb,0.5,7,ok,454.8,5,
Waypoint_outputs/transport/nr_sta10_1mb_spd0.5_seed8,transport,waypoint,nr,10,1mb,0.5,8,ok,498.3,6,
Waypoint_outputs/transport/nr_sta10_50kb_spd5.0_seed9,transport,waypoint,nr,10,50kb,5.0,9,ok,629.2,10,
Waypoint_outputs/transport/nr_sta10_1mb_spd0.5_seed9,transport,waypoint,nr,10,1mb,0.5,9,ok,409.5,4,
Waypoint_outputs/transport/nr_sta10_1mb_spd2.0_seed7,transport,waypoint,nr,10,1mb,2.0,7,ok,529.5,9,
Waypoint_outputs/transport/nr_sta10_1mb_spd2.0_seed8,transport,waypoint,nr,10,1mb,2.0,8,ok,523.9,7,
Waypoint_outputs/transport/nr_sta10_1mb_spd2.0_seed9,transport,waypoint,nr,10,1mb,2.0,9,ok,483.9,9,
Waypoint_outputs/transport/nr_sta10_1mb_spd5.0_seed7,transport,waypoint,nr,10,1mb,5.0,7,ok,651.4,10,
Waypoint_outputs/transport/nr_sta10_1mb_spd5.0_seed8,transport,waypoint,nr,10,1mb,5.0,8,ok,603.1,9,
Waypoint_outputs/transport/nr_sta10_1mb_spd5.0_seed9,transport,waypoint,nr,10,1mb,5.0,9,ok,651.1,10,
Waypoint_outputs/transport/nr_sta15_10kb_spd0.5_seed7,transport,waypoint,nr,15,10kb,0.5,7,ok,733.6,6,
Waypoint_outputs/transport/nr_sta15_10kb_spd0.5_seed8,transport,waypoint,nr,15,10kb,0.5,8,ok,633.6,4,
Waypoint_outputs/transport/nr_sta15_10kb_spd0.5_seed9,transport,waypoint,nr,15,10kb,0.5,9,ok,787.1,7,
Waypoint_outputs/transport/nr_sta15_10kb_spd2.0_seed7,transport,waypoint,nr,15,10kb,2.0,7,ok,947.8,14,
Waypoint_outputs/transport/nr_sta15_10kb_spd2.0_seed8,transport,waypoint,nr,15,10kb,2.0,8,ok,863.1,13,
Waypoint_outputs/transport/nr_sta15_10kb_spd2.0_seed9,transport,waypoint,nr,15,10kb,2.0,9,ok,887.3,13,
Waypoint_outputs/transport/nr_sta15_10kb_spd5.0_seed7,transport,waypoint,nr,15,10kb,5.0,7,ok,1208.1,14,
Waypoint_outputs/transport/nr_sta15_10kb_spd5.0_seed8,transport,waypoint,nr,15,10kb,5.0,8,ok,1146.3,13,
Waypoint_outputs/transport/nr_sta15_50kb_spd0.5_seed7,transport,waypoint,nr,15,50kb,0.5,7,ok,791.8,6,
Waypoint_outputs/transport/nr_sta15_50kb_spd0.5_seed8,transport,waypoint,nr,15,50kb,0.5,8,ok,699.5,4,
Waypoint_outputs/transport/nr_sta15_10kb_spd5.0_seed9,transport,waypoint,nr,15,10kb,5.0,9,ok,1202.0,14,
Waypoint_outputs/transport/nr_sta15_50kb_spd0.5_seed9,transport,waypoint,nr,15,50kb,0.5,9,ok,818.7,7,
Waypoint_outputs/transport/nr_sta15_50kb_spd2.0_seed8,transport,waypoint,nr,15,50kb,2.0,8,ok,992.3,13,
Waypoint_outputs/transport/nr_sta15_50kb_spd2.0_seed7,transport,waypoint,nr,15,50kb,2.0,7,ok,1054.9,14,
Waypoint_outputs/transport/nr_sta15_50kb_spd2.0_seed9,transport,waypoint,nr,15,50kb,2.0,9,ok,954.2,13,
Waypoint_outputs/transport/nr_sta15_50kb_spd5.0_seed7,transport,waypoint,nr,15,50kb,5.0,7,ok,1260.3,14,
Waypoint_outputs/transport/nr_sta15_50kb_spd5.0_seed8,transport,waypoint,nr,15,50kb,5.0,8,ok,1146.6,13,
Waypoint_outputs/transport/nr_sta15_1mb_spd0.5_seed7,transport,waypoint,nr,15,1mb,0.5,7,ok,996.2,9,
Waypoint_outputs/transport/nr_sta15_1mb_spd0.5_seed8,transport,waypoint,nr,15,1mb,0.5,8,ok,981.9,8,
Waypoint_outputs/transport/nr_sta15_50kb_spd5.0_seed9,transport,waypoint,nr,15,50kb,5.0,9,ok,1209.1,14,
Waypoint_outputs/transport/nr_sta15_1mb_spd0.5_seed9,transport,waypoint,nr,15,1mb,0.5,9,ok,1096.0,9,
Waypoint_outputs/transport/nr_sta15_1mb_spd2.0_seed7,transport,waypoint,nr,15,1mb,2.0,7,ok,1165.5,14,
Waypoint_outputs/transport/nr_sta15_1mb_spd2.0_seed8,transport,waypoint,nr,15,1mb,2.0,8,ok,1072.2,13,
Waypoint_outputs/work/lte_sta5_10kb_spd0.5_seed7,work,waypoint,lte,5,10kb,0.5,7,ok,63.2,3,
Waypoint_outputs/work/lte_sta5_10kb_spd0.5_seed8,work,waypoint,lte,5,10kb,0.5,8,ok,67.1,1,
Waypoint_outputs/transport/nr_sta15_1mb_spd2.0_seed9,transport,waypoint,nr,15,1mb,2.0,9,ok,1270.4,15,
Waypoint_outputs/work/lte_sta5_10kb_spd0.5_seed9,work,waypoint,lte,5,10kb,0.5,9,ok,65.4,0,generate_switching_timeline: No switch events with resolvable positions; nothing to animate.
Waypoint_outputs/work/lte_sta5_10kb_spd2.0_seed7,work,waypoint,lte,5,10kb,2.0,7,ok,59.4,3,
Waypoint_outputs/work/lte_sta5_10kb_spd2.0_seed8,work,waypoint,lte,5,10kb,2.0,8,ok,64.8,2,
Waypoint_outputs/work/lte_sta5_10kb_spd2.0_seed9,work,waypoint,lte,5,10kb,2.0,9,ok,68.1,0,generate_switching_timeline: No switch events with resolvable positions; nothing to animate.
Waypoint_outputs/work/lte_sta5_10kb_spd5.0_seed7,work,waypoint,lte,5,10kb,5.0,7,ok,54.2,5,
Waypoint_outputs/transport/nr_sta15_1mb_spd5.0_seed7,transport,waypoint,nr,15,1mb,5.0,7,ok,1289.7,14,
Waypoint_outputs/work/lte_sta5_10kb_spd5.0_seed8,work,waypoint,lte,5,10kb,5.0,8,ok,60.7,2,
Waypoint_outputs/work/lte_sta5_10kb_spd5.0_seed9,work,waypoint,lte,5,10kb,5.0,9,ok,65.0,1,
Waypoint_outputs/work/lte_sta5_50kb_spd0.5_seed7,work,waypoint,lte,5,50kb,0.5,7,ok,62.4,3,
Waypoint_outputs/work/lte_sta5_50kb_spd0.5_seed8,work,waypoint,lte,5,50kb,0.5,8,ok,64.9,1,
Waypoint_outputs/work/lte_sta5_50kb_spd0.5_seed9,work,waypoint,lte,5,50kb,0.5,9,ok,65.9,0,generate_switching_timeline: No switch events with resolvable positions; nothing to animate.
Waypoint_outputs/work/lte_sta5_50kb_spd2.0_seed7,work,waypoint,lte,5,50kb,2.0,7,ok,58.8,3,
Waypoint_outputs/work/lte_sta5_50kb_spd2.0_seed8,work,waypoint,lte,5,50kb,2.0,8,ok,63.9,2,
Waypoint_outputs/work/lte_sta5_50kb_spd5.0_seed7,work,waypoint,lte,5,50kb,5.0,7,ok,53.8,5,
Waypoint_outputs/work/lte_sta5_50kb_spd2.0_seed9,work,waypoint,lte,5,50kb,2.0,9,ok,66.5,0,generate_switching_timeline: No switch events with resolvable positions; nothing to animate.
Waypoint_outputs/work/lte_sta5_50kb_spd5.0_seed8,work,waypoint,lte,5,50kb,5.0,8,ok,62.0,2,
Waypoint_outputs/work/lte_sta5_1mb_spd0.5_seed7,work,waypoint,lte,5,1mb,0.5,7,ok,40.3,5,
Waypoint_outputs/work/lte_sta5_50kb_spd5.0_seed9,work,waypoint,lte,5,50kb,5.0,9,ok,66.1,1,
Waypoint_outputs/work/lte_sta5_1mb_spd0.5_seed8,work,waypoint,lte,5,1mb,0.5,8,ok,41.5,5,
Waypoint_outputs/transport/nr_sta15_1mb_spd5.0_seed8,transport,waypoint,nr,15,1mb,5.0,8,ok,1173.4,13,
Waypoint_outputs/work/lte_sta5_1mb_spd0.5_seed9,work,waypoint,lte,5,1mb,0.5,9,ok,49.2,4,
Waypoint_outputs/work/lte_sta5_1mb_spd2.0_seed7,work,waypoint,lte,5,1mb,2.0,7,ok,40.7,5,
Waypoint_outputs/work/lte_sta5_1mb_spd2.0_seed8,work,waypoint,lte,5,1mb,2.0,8,ok,42.3,5,
Waypoint_outputs/work/lte_sta5_1mb_spd5.0_seed7,work,waypoint,lte,5,1mb,5.0,7,ok,41.3,5,
Waypoint_outputs/work/lte_sta5_1mb_spd2.0_seed9,work,waypoint,lte,5,1mb,2.0,9,ok,48.5,4,
Waypoint_outputs/work/lte_sta5_1mb_spd5.0_seed8,work,waypoint,lte,5,1mb,5.0,8,ok,41.7,5,
Waypoint_outputs/work/lte_sta5_1mb_spd5.0_seed9,work,waypoint,lte,5,1mb,5.0,9,ok,48.0,4,
Waypoint_outputs/work/lte_sta10_10kb_spd0.5_seed7,work,waypoint,lte,10,10kb,0.5,7,ok,93.0,7,
Waypoint_outputs/work/lte_sta10_10kb_spd0.5_seed8,work,waypoint,lte,10,10kb,0.5,8,ok,126.2,4,
Waypoint_outputs/work/lte_sta10_10kb_spd2.0_seed7,work,waypoint,lte,10,10kb,2.0,7,ok,92.9,7,
Waypoint_outputs/work/lte_sta10_10kb_spd0.5_seed9,work,waypoint,lte,10,10kb,0.5,9,ok,114.4,5,
Waypoint_outputs/work/lte_sta10_10kb_spd2.0_seed8,work,waypoint,lte,10,10kb,2.0,8,ok,121.8,5,
Waypoint_outputs/work/lte_sta10_10kb_spd5.0_seed7,work,waypoint,lte,10,10kb,5.0,7,ok,91.5,7,
Waypoint_outputs/work/lte_sta10_10kb_spd2.0_seed9,work,waypoint,lte,10,10kb,2.0,9,ok,117.1,5,
Waypoint_outputs/transport/nr_sta15_1mb_spd5.0_seed9,transport,waypoint,nr,15,1mb,5.0,9,ok,1329.6,15,
Waypoint_outputs/work/lte_sta10_10kb_spd5.0_seed8,work,waypoint,lte,10,10kb,5.0,8,ok,121.1,5,
Waypoint_outputs/work/lte_sta10_50kb_spd0.5_seed7,work,waypoint,lte,10,50kb,0.5,7,ok,89.8,7,
Waypoint_outputs/work/lte_sta10_10kb_spd5.0_seed9,work,waypoint,lte,10,10kb,5.0,9,ok,106.9,7,
Waypoint_outputs/work/lte_sta10_50kb_spd2.0_seed7,work,waypoint,lte,10,50kb,2.0,7,ok,91.7,7,
Waypoint_outputs/work/lte_sta10_50kb_spd0.5_seed9,work,waypoint,lte,10,50kb,0.5,9,ok,112.6,5,
Waypoint_outputs/work/lte_sta10_50kb_spd0.5_seed8,work,waypoint,lte,10,50kb,0.5,8,ok,122.2,4,
Waypoint_outputs/work/lte_sta10_50kb_spd2.0_seed9,work,waypoint,lte,10,50kb,2.0,9,ok,112.4,5,
Waypoint_outputs/work/lte_sta10_50kb_spd5.0_seed7,work,waypoint,lte,10,50kb,5.0,7,ok,91.6,7,
Waypoint_outputs/work/lte_sta10_50kb_spd2.0_seed8,work,waypoint,lte,10,50kb,2.0,8,ok,123.0,5,
Waypoint_outputs/work/lte_sta10_50kb_spd5.0_seed9,work,waypoint,lte,10,50kb,5.0,9,ok,108.8,7,
Waypoint_outputs/work/lte_sta10_50kb_spd5.0_seed8,work,waypoint,lte,10,50kb,5.0,8,ok,118.2,5,
Waypoint_outputs/work/lte_sta10_1mb_spd0.5_seed9,work,waypoint,lte,10,1mb,0.5,9,ok,96.1,9,
Waypoint_outputs/work/lte_sta10_1mb_spd0.5_seed7,work,waypoint,lte,10,1mb,0.5,7,ok,100.5,9,
Waypoint_outputs/work/lte_sta10_1mb_spd0.5_seed8,work,waypoint,lte,10,1mb,0.5,8,ok,106.2,8,
Waypoint_outputs/work/lte_sta10_1mb_spd2.0_seed7,work,waypoint,lte,10,1mb,2.0,7,ok,101.2,9,
Waypoint_outputs/work/lte_sta10_1mb_spd2.0_seed8,work,waypoint,lte,10,1mb,2.0,8,ok,107.8,8,
Waypoint_outputs/work/lte_sta10_1mb_spd2.0_seed9,work,waypoint,lte,10,1mb,2.0,9,ok,94.0,9,
Waypoint_outputs/work/lte_sta10_1mb_spd5.0_seed7,work,waypoint,lte,10,1mb,5.0,7,ok,99.2,9,
Waypoint_outputs/work/lte_sta10_1mb_spd5.0_seed8,work,waypoint,lte,10,1mb,5.0,8,ok,104.5,8,
Waypoint_outputs/work/lte_sta10_1mb_spd5.0_seed9,work,waypoint,lte,10,1mb,5.0,9,ok,91.2,9,
Waypoint_outputs/work/lte_sta15_10kb_spd0.5_seed7,work,waypoint,lte,15,10kb,0.5,7,ok,175.4,8,
Waypoint_outputs/work/lte_sta15_10kb_spd2.0_seed7,work,waypoint,lte,15,10kb,2.0,7,ok,166.4,9,
Waypoint_outputs/work/lte_sta15_10kb_spd0.5_seed8,work,waypoint,lte,15,10kb,0.5,8,ok,188.1,6,
Waypoint_outputs/work/lte_sta15_10kb_spd0.5_seed9,work,waypoint,lte,15,10kb,0.5,9,ok,190.6,7,
Waypoint_outputs/work/lte_sta15_10kb_spd2.0_seed8,work,waypoint,lte,15,10kb,2.0,8,ok,189.4,6,
Waypoint_outputs/work/lte_sta15_10kb_spd2.0_seed9,work,waypoint,lte,15,10kb,2.0,9,ok,183.3,8,
Waypoint_outputs/work/lte_sta15_10kb_spd5.0_seed7,work,waypoint,lte,15,10kb,5.0,7,ok,165.6,9,
Waypoint_outputs/work/lte_sta15_10kb_spd5.0_seed8,work,waypoint,lte,15,10kb,5.0,8,ok,186.3,9,
Waypoint_outputs/work/lte_sta15_10kb_spd5.0_seed9,work,waypoint,lte,15,10kb,5.0,9,ok,185.8,11,
Waypoint_outputs/work/lte_sta15_50kb_spd0.5_seed7,work,waypoint,lte,15,50kb,0.5,7,ok,178.8,8,
Waypoint_outputs/work/lte_sta15_50kb_spd0.5_seed8,work,waypoint,lte,15,50kb,0.5,8,ok,206.2,6,
Waypoint_outputs/work/lte_sta15_50kb_spd2.0_seed7,work,waypoint,lte,15,50kb,2.0,7,ok,166.5,9,
Waypoint_outputs/work/lte_sta15_50kb_spd0.5_seed9,work,waypoint,lte,15,50kb,0.5,9,ok,194.7,7,
Waypoint_outputs/work/lte_sta15_50kb_spd2.0_seed8,work,waypoint,lte,15,50kb,2.0,8,ok,192.0,6,
Waypoint_outputs/work/lte_sta15_50kb_spd2.0_seed9,work,waypoint,lte,15,50kb,2.0,9,ok,181.3,8,
Waypoint_outputs/work/lte_sta15_50kb_spd5.0_seed7,work,waypoint,lte,15,50kb,5.0,7,ok,167.5,9,
Waypoint_outputs/work/lte_sta15_1mb_spd0.5_seed7,work,waypoint,lte,15,1mb,0.5,7,ok,112.4,14,
Waypoint_outputs/work/lte_sta15_50kb_spd5.0_seed9,work,waypoint,lte,15,50kb,5.0,9,ok,179.8,11,
Waypoint_outputs/work/lte_sta15_50kb_spd5.0_seed8,work,waypoint,lte,15,50kb,5.0,8,ok,184.6,9,
Waypoint_outputs/work/lte_sta15_1mb_spd0.5_seed8,work,waypoint,lte,15,1mb,0.5,8,ok,142.7,12,
Waypoint_outputs/work/lte_sta15_1mb_spd0.5_seed9,work,waypoint,lte,15,1mb,0.5,9,ok,115.0,14,
Waypoint_outputs/work/lte_sta15_1mb_spd2.0_seed7,work,waypoint,lte,15,1mb,2.0,7,ok,107.9,14,
Waypoint_outputs/work/lte_sta15_1mb_spd5.0_seed7,work,waypoint,lte,15,1mb,5.0,7,ok,109.3,14,
Waypoint_outputs/work/lte_sta15_1mb_spd2.0_seed9,work,waypoint,lte,15,1mb,2.0,9,ok,116.7,14,
Waypoint_outputs/work/lte_sta15_1mb_spd2.0_seed8,work,waypoint,lte,15,1mb,2.0,8,ok,137.0,12,
Waypoint_outputs/work/lte_sta15_1mb_spd5.0_seed9,work,waypoint,lte,15,1mb,5.0,9,ok,116.9,15,
Waypoint_outputs/work/lte_sta15_1mb_spd5.0_seed8,work,waypoint,lte,15,1mb,5.0,8,ok,135.4,13,
Waypoint_outputs/work/nr_sta5_10kb_spd0.5_seed9,work,waypoint,nr,5,10kb,0.5,9,ok,81.7,0,generate_switching_timeline: No switch events with resolvable positions; nothing to animate.
Waypoint_outputs/work/nr_sta5_10kb_spd0.5_seed7,work,waypoint,nr,5,10kb,0.5,7,ok,129.7,3,
Waypoint_outputs/work/nr_sta5_10kb_spd2.0_seed9,work,waypoint,nr,5,10kb,2.0,9,ok,79.2,0,generate_switching_timeline: No switch events with resolvable positions; nothing to animate.
Waypoint_outputs/work/nr_sta5_10kb_spd0.5_seed8,work,waypoint,nr,5,10kb,0.5,8,ok,199.0,1,
Waypoint_outputs/work/nr_sta5_10kb_spd2.0_seed7,work,waypoint,nr,5,10kb,2.0,7,ok,133.8,3,
Waypoint_outputs/work/nr_sta5_10kb_spd5.0_seed7,work,waypoint,nr,5,10kb,5.0,7,ok,134.3,5,
Waypoint_outputs/work/nr_sta5_10kb_spd5.0_seed9,work,waypoint,nr,5,10kb,5.0,9,ok,80.5,1,
Waypoint_outputs/work/nr_sta5_10kb_spd2.0_seed8,work,waypoint,nr,5,10kb,2.0,8,ok,201.7,2,
Waypoint_outputs/work/nr_sta5_50kb_spd0.5_seed7,work,waypoint,nr,5,50kb,0.5,7,ok,130.8,3,
Waypoint_outputs/work/nr_sta5_50kb_spd0.5_seed9,work,waypoint,nr,5,50kb,0.5,9,ok,80.0,0,generate_switching_timeline: No switch events with resolvable positions; nothing to animate.
Waypoint_outputs/work/nr_sta5_10kb_spd5.0_seed8,work,waypoint,nr,5,10kb,5.0,8,ok,208.7,2,
Waypoint_outputs/work/nr_sta5_50kb_spd2.0_seed7,work,waypoint,nr,5,50kb,2.0,7,ok,135.1,3,
Waypoint_outputs/work/nr_sta5_50kb_spd2.0_seed9,work,waypoint,nr,5,50kb,2.0,9,ok,80.7,0,generate_switching_timeline: No switch events with resolvable positions; nothing to animate.
Waypoint_outputs/work/nr_sta5_50kb_spd0.5_seed8,work,waypoint,nr,5,50kb,0.5,8,ok,198.8,1,
Waypoint_outputs/work/nr_sta5_50kb_spd5.0_seed7,work,waypoint,nr,5,50kb,5.0,7,ok,136.1,5,
Waypoint_outputs/work/nr_sta5_50kb_spd5.0_seed9,work,waypoint,nr,5,50kb,5.0,9,ok,81.7,1,
Waypoint_outputs/work/nr_sta5_50kb_spd2.0_seed8,work,waypoint,nr,5,50kb,2.0,8,ok,201.1,2,
Waypoint_outputs/work/nr_sta5_1mb_spd0.5_seed7,work,waypoint,nr,5,1mb,0.5,7,ok,184.6,5,
Waypoint_outputs/work/nr_sta5_50kb_spd5.0_seed8,work,waypoint,nr,5,50kb,5.0,8,ok,211.9,2,
Waypoint_outputs/work/nr_sta5_1mb_spd0.5_seed9,work,waypoint,nr,5,1mb,0.5,9,ok,175.5,4,
Waypoint_outputs/work/nr_sta5_1mb_spd2.0_seed7,work,waypoint,nr,5,1mb,2.0,7,ok,186.1,5,
Waypoint_outputs/work/nr_sta5_1mb_spd0.5_seed8,work,waypoint,nr,5,1mb,0.5,8,ok,265.8,4,
Waypoint_outputs/work/nr_sta5_1mb_spd2.0_seed9,work,waypoint,nr,5,1mb,2.0,9,ok,174.8,4,
Waypoint_outputs/work/nr_sta5_1mb_spd5.0_seed7,work,waypoint,nr,5,1mb,5.0,7,ok,178.2,5,
Waypoint_outputs/work/nr_sta5_1mb_spd2.0_seed8,work,waypoint,nr,5,1mb,2.0,8,ok,283.8,5,
Waypoint_outputs/work/nr_sta5_1mb_spd5.0_seed9,work,waypoint,nr,5,1mb,5.0,9,ok,173.1,4,
Waypoint_outputs/work/nr_sta5_1mb_spd5.0_seed8,work,waypoint,nr,5,1mb,5.0,8,ok,271.9,5,
Waypoint_outputs/work/nr_sta10_10kb_spd0.5_seed9,work,waypoint,nr,10,10kb,0.5,9,ok,425.8,5,
Waypoint_outputs/work/nr_sta10_10kb_spd0.5_seed8,work,waypoint,nr,10,10kb,0.5,8,ok,552.7,4,
Waypoint_outputs/work/nr_sta10_10kb_spd0.5_seed7,work,waypoint,nr,10,10kb,0.5,7,ok,694.5,7,
Waypoint_outputs/work/nr_sta10_10kb_spd2.0_seed8,work,waypoint,nr,10,10kb,2.0,8,ok,554.4,5,
Waypoint_outputs/work/nr_sta10_10kb_spd2.0_seed7,work,waypoint,nr,10,10kb,2.0,7,ok,705.5,7,
Waypoint_outputs/work/nr_sta10_10kb_spd2.0_seed9,work,waypoint,nr,10,10kb,2.0,9,ok,415.8,5,
Waypoint_outputs/work/nr_sta10_10kb_spd5.0_seed9,work,waypoint,nr,10,10kb,5.0,9,ok,441.9,7,
Waypoint_outputs/work/nr_sta10_10kb_spd5.0_seed8,work,waypoint,nr,10,10kb,5.0,8,ok,541.9,5,
Waypoint_outputs/work/nr_sta10_10kb_spd5.0_seed7,work,waypoint,nr,10,10kb,5.0,7,ok,730.0,7,
Waypoint_outputs/work/nr_sta10_50kb_spd0.5_seed7,work,waypoint,nr,10,50kb,0.5,7,ok,675.9,7,
Waypoint_outputs/work/nr_sta10_50kb_spd0.5_seed8,work,waypoint,nr,10,50kb,0.5,8,ok,583.3,4,
Waypoint_outputs/work/nr_sta10_50kb_spd0.5_seed9,work,waypoint,nr,10,50kb,0.5,9,ok,486.0,5,
Waypoint_outputs/work/nr_sta10_50kb_spd2.0_seed7,work,waypoint,nr,10,50kb,2.0,7,ok,697.5,7,
Waypoint_outputs/work/nr_sta10_50kb_spd2.0_seed8,work,waypoint,nr,10,50kb,2.0,8,ok,606.4,5,
Waypoint_outputs/work/nr_sta10_50kb_spd2.0_seed9,work,waypoint,nr,10,50kb,2.0,9,ok,466.1,5,
Waypoint_outputs/work/nr_sta10_50kb_spd5.0_seed7,work,waypoint,nr,10,50kb,5.0,7,ok,702.2,7,
Waypoint_outputs/work/nr_sta10_50kb_spd5.0_seed8,work,waypoint,nr,10,50kb,5.0,8,ok,562.6,5,
Waypoint_outputs/work/nr_sta10_50kb_spd5.0_seed9,work,waypoint,nr,10,50kb,5.0,9,ok,499.4,7,
Waypoint_outputs/work/nr_sta10_1mb_spd0.5_seed7,work,waypoint,nr,10,1mb,0.5,7,ok,829.4,9,
Waypoint_outputs/work/nr_sta10_1mb_spd0.5_seed8,work,waypoint,nr,10,1mb,0.5,8,ok,820.9,8,
Waypoint_outputs/work/nr_sta10_1mb_spd0.5_seed9,work,waypoint,nr,10,1mb,0.5,9,ok,764.5,10,
Waypoint_outputs/work/nr_sta10_1mb_spd2.0_seed7,work,waypoint,nr,10,1mb,2.0,7,ok,827.7,9,
Waypoint_outputs/work/nr_sta10_1mb_spd2.0_seed8,work,waypoint,nr,10,1mb,2.0,8,ok,811.6,8,
Waypoint_outputs/work/nr_sta10_1mb_spd2.0_seed9,work,waypoint,nr,10,1mb,2.0,9,ok,742.9,10,
Waypoint_outputs/work/nr_sta10_1mb_spd5.0_seed7,work,waypoint,nr,10,1mb,5.0,7,ok,831.9,9,
Waypoint_outputs/work/nr_sta10_1mb_spd5.0_seed9,work,waypoint,nr,10,1mb,5.0,9,ok,719.2,10,
Waypoint_outputs/work/nr_sta10_1mb_spd5.0_seed8,work,waypoint,nr,10,1mb,5.0,8,ok,858.0,8,
Waypoint_outputs/work/nr_sta15_10kb_spd0.5_seed7,work,waypoint,nr,15,10kb,0.5,7,ok,935.1,8,
Waypoint_outputs/work/nr_sta15_10kb_spd0.5_seed8,work,waypoint,nr,15,10kb,0.5,8,ok,731.6,6,
Waypoint_outputs/work/nr_sta15_10kb_spd2.0_seed8,work,waypoint,nr,15,10kb,2.0,8,ok,740.2,6,
Waypoint_outputs/work/nr_sta15_10kb_spd2.0_seed7,work,waypoint,nr,15,10kb,2.0,7,ok,941.5,9,
Waypoint_outputs/work/nr_sta15_10kb_spd0.5_seed9,work,waypoint,nr,15,10kb,0.5,9,ok,1186.7,7,
Waypoint_outputs/work/nr_sta15_10kb_spd5.0_seed7,work,waypoint,nr,15,10kb,5.0,7,ok,932.9,9,
Waypoint_outputs/work/nr_sta15_10kb_spd2.0_seed9,work,waypoint,nr,15,10kb,2.0,9,ok,1194.5,8,
Waypoint_outputs/work/nr_sta15_10kb_spd5.0_seed8,work,waypoint,nr,15,10kb,5.0,8,ok,808.0,9,
Waypoint_outputs/work/nr_sta15_50kb_spd0.5_seed7,work,waypoint,nr,15,50kb,0.5,7,ok,998.8,8,
Waypoint_outputs/work/nr_sta15_10kb_spd5.0_seed9,work,waypoint,nr,15,10kb,5.0,9,ok,1158.4,11,
Waypoint_outputs/work/nr_sta15_50kb_spd0.5_seed8,work,waypoint,nr,15,50kb,0.5,8,ok,775.4,6,
Waypoint_outputs/work/nr_sta15_50kb_spd0.5_seed9,work,waypoint,nr,15,50kb,0.5,9,ok,951.4,7,
Waypoint_outputs/work/nr_sta15_50kb_spd2.0_seed7,work,waypoint,nr,15,50kb,2.0,7,ok,1006.3,9,
Waypoint_outputs/work/nr_sta15_50kb_spd2.0_seed8,work,waypoint,nr,15,50kb,2.0,8,ok,776.8,6,
Waypoint_outputs/work/nr_sta15_50kb_spd2.0_seed9,work,waypoint,nr,15,50kb,2.0,9,ok,968.9,8,
Waypoint_outputs/work/nr_sta15_50kb_spd5.0_seed7,work,waypoint,nr,15,50kb,5.0,7,ok,964.5,9,
Waypoint_outputs/work/nr_sta15_50kb_spd5.0_seed8,work,waypoint,nr,15,50kb,5.0,8,ok,822.1,9,
Waypoint_outputs/work/nr_sta15_50kb_spd5.0_seed9,work,waypoint,nr,15,50kb,5.0,9,ok,1013.0,11,
Waypoint_outputs/work/nr_sta15_1mb_spd0.5_seed7,work,waypoint,nr,15,1mb,0.5,7,ok,1477.3,14,
Waypoint_outputs/work/nr_sta15_1mb_spd0.5_seed8,work,waypoint,nr,15,1mb,0.5,8,ok,1260.7,12,
Waypoint_outputs/work/nr_sta15_1mb_spd0.5_seed9,work,waypoint,nr,15,1mb,0.5,9,ok,1500.8,14,
Waypoint_outputs/work/nr_sta15_1mb_spd2.0_seed7,work,waypoint,nr,15,1mb,2.0,7,ok,1464.1,14,
Waypoint_outputs/work/nr_sta15_1mb_spd2.0_seed8,work,waypoint,nr,15,1mb,2.0,8,ok,1224.0,12,
Waypoint_outputs/work/nr_sta15_1mb_spd5.0_seed7,work,waypoint,nr,15,1mb,5.0,7,ok,1353.0,14,
Waypoint_outputs/work/nr_sta15_1mb_spd5.0_seed8,work,waypoint,nr,15,1mb,5.0,8,ok,1145.5,13,
Waypoint_outputs/work/nr_sta15_1mb_spd2.0_seed9,work,waypoint,nr,15,1mb,2.0,9,ok,1550.4,14,
Waypoint_outputs/work/nr_sta15_1mb_spd5.0_seed9,work,waypoint,nr,15,1mb,5.0,9,ok,1438.8,15,
